<?xml version="1.0" encoding="utf-8"?>
<Module>
  <Name value="Interesting Companions" />
  <Id value="InterestingCompanions" />
  <Version value="v1.0.3" />
  <SingleplayerModule value="true" />
  <MultiplayerModule value="false" />
  <Official value="false" />
  <DependedModules>
    <DependedModule Id="Native" />
    <DependedModule Id="SandBoxCore" />
    <DependedModule Id="Sandbox" />
    <DependedModule Id="CustomBattle" />
    <DependedModule Id="StoryMode" />
  </DependedModules>
  <SubModules>
    <SubModule>
      <Name value="WandererStringsLoader"/>
      <DLLName value="WandererStringsLoader.dll"/>
      <SubModuleClassType value="WandererStringsLoader.Main"/>
      <Tags>
        <Tag key="DedicatedServerType" value="none" />
        <Tag key="IsNoRenderModeElement" value="false" />
      </Tags>
    </SubModule>
  </SubModules>
  <Xmls>
  	  <XmlNode>                
           <XmlName id="NPCCharacters" path="interestingequipment"/>
      <IncludedGameTypes>
        <GameType value = "Campaign"/>
        <GameType value = "CampaignStoryMode"/>
        <GameType value = "CustomGame"/>
      </IncludedGameTypes>
    </XmlNode>	 
    <XmlNode>
      <XmlName id="NPCCharacters" path="spspecialcharacters_interestingcompanions" />
      <IncludedGameTypes>
        <GameType value="Campaign" />
        <GameType value="CampaignStoryMode" />
      </IncludedGameTypes>
    </XmlNode>	
  </Xmls>
</Module>