<Module>
  <Name value="V's Royal Armoury Rewritten - Jiro's Build"/>
  <Id value="VsRoyalArmoryRewritten"/>
  <Version value="v1.2.2"/>
  <SingleplayerModule value="true"/>
  <MultiplayerModule value="false"/>
  <DependedModules>
    <DependedModule Id="Native"/>
    <DependedModule Id="SandBoxCore"/>
    <DependedModule Id="Sandbox"/>
    <DependedModule Id="StoryMode" />
  </DependedModules>
  <SubModules>
    <SubModule>
      <Name value="VsRoyalArmoryRewritten"/>
      <DLLName value="VsRoyalArmoryRewritten.dll"/>
      <SubModuleClassType value="VsRoyalArmoryRewritten.SubModule"/>
      <Tags>
        <Tag key="DedicatedServerType" value="none" />
        <Tag key="IsNoRenderModeElement" value="false" />
      </Tags>
    </SubModule>
  </SubModules>
  <Xmls/>
</Module>