﻿<?xml version="1.0" encoding="utf-8"?>
<NPCCharacters>
  <NPCCharacter id="looter" default_group="Infantry" name="{=urUwa4bf}Looter" level="6" occupation="Bandit" culture="Culture.looters">
    <face>
      <!--face_key value="000001a0000010000000000000000000000000000000000000000000000000000000000600000000000000000000000000000000000000000000000000f80000" max_value="001fff7fda0038d1ffffffffffffffffffffffffffffffffffffffffffffffff000ff00dffffffff000000000000000000000000000000000000000000007183" /-->
      <BodyProperties version="4" age="69.27" weight="0.5035" build="0.5657"  key="0000000000000000000000000008000000000000000000008888000080F000000778807807000000000000000000000000000000000000000000000000F00000"  />
      <BodyPropertiesMax version="4" age="48.18" weight="0.4547" build="0.5657"  key="001CFC0FDA0038D1FFFFFFFFFFF7FFF4FFFFFFFFFFFFFFFFFFFFFFFF7FFFFF000468704606FFFF0F000000000000000000000000000000000000000000C87182"  />
    </face>
    <skills>
      <skill id="Athletics" value="30" />
      <skill id="Bow" value="20" />
      <skill id="OneHanded" value="40" />
      <skill id="Polearm" value="30" />
      <skill id="Riding" value="0" />
      <skill id="Throwing" value="40" />
      <skill id="TwoHanded" value="20" />
    </skills>
    <equipmentSet civilian="true">
      <equipment slot="Item0" id="Item.peasant_2haxe_1_t1" />
      <equipment slot="Item2" id="Item.throwing_stone" />
      <equipment slot="Body" id="Item.bandit_envelope_dress_v1" />
      <equipment slot="Leg" id="Item.wrapped_shoes" />
    </equipmentSet>
    <equipmentSet>
      <equipment slot="Item0" id="Item.peasant_hammer_1_t1" />
      <equipment slot="Item2" id="Item.throwing_stone" />
      <equipment slot="Body" id="Item.bandit_envelope_dress_v1" />
      <equipment slot="Leg" id="Item.wrapped_shoes" />
    </equipmentSet>
    <equipmentSet>
      <equipment slot="Item0" id="Item.peasant_hatchet_1_t1" />
      <equipment slot="Body" id="Item.bandit_envelope_dress_v2" />
      <equipment slot="Leg" id="Item.wrapped_shoes" />
    </equipmentSet>
    <equipmentSet>
      <equipment slot="Item0" id="Item.seax" />
      <equipment slot="Item1" id="Item.throwing_stone" />
      <equipment slot="Body" id="Item.bandit_leather_water_flask" />
      <equipment slot="Leg" id="Item.wrapped_shoes" />
      <equipment slot="Gloves" id="Item.armwraps" />
    </equipmentSet>
    <equipmentSet>
      <equipment slot="Item0" id="Item.peasant_hammer_2_t1" />
      <equipment slot="Body" id="Item.vlandia_bandit_c" />
      <equipment slot="Leg" id="Item.wrapped_shoes" />
      <equipment slot="Head" id="Item.wrapped_headcloth" />
    </equipmentSet>
    <equipmentSet>
      <equipment slot="Item0" id="Item.peasant_hammer_2_t1" />
      <equipment slot="Item1" id="Item.throwing_stone" />
      <equipment slot="Body" id="Item.torn_bandit_clothes" />
      <equipment slot="Leg" id="Item.leather_shoes" />
    </equipmentSet>
    <equipmentSet>
      <equipment slot="Item0" id="Item.peasant_pickaxe_1_t1" />
      <equipment slot="Body" id="Item.bandit_gambeson" />
      <equipment slot="Leg" id="Item.leather_shoes" />
      <equipment slot="Head" id="Item.pilgrim_hood" />
    </equipmentSet>
    <equipmentSet>
      <equipment slot="Item0" id="Item.peasant_sickle_1_t1" />
      <equipment slot="Item2" id="Item.throwing_stone" />
      <equipment slot="Body" id="Item.bandit_envelope_dress_v1" />
      <equipment slot="Leg" id="Item.wrapped_shoes" />
      <equipment slot="Head" id="Item.pilgrim_hood" />
    </equipmentSet>
    <equipmentSet>
      <equipment slot="Item0" id="Item.falchion_sword_t2" />
      <equipment slot="Body" id="Item.bandit_envelope_dress_v2" />
      <equipment slot="Leg" id="Item.wrapped_shoes" />
    </equipmentSet>
    <equipmentSet>
      <equipment slot="Item0" id="Item.vlandia_mace_1_t2" />
      <equipment slot="Item1" id="Item.throwing_stone" />
      <equipment slot="Body" id="Item.bandit_leather_water_flask" />
      <equipment slot="Head" id="Item.pilgrim_hood" />
      <equipment slot="Leg" id="Item.wrapped_shoes" />
      <equipment slot="Gloves" id="Item.armwraps" />
    </equipmentSet>
    <equipmentSet>
      <equipment slot="Item0" id="Item.peasant_pitchfork_2_t1" />
      <equipment slot="Body" id="Item.vlandia_bandit_c" />
      <equipment slot="Leg" id="Item.wrapped_shoes" />
      <equipment slot="Head" id="Item.wrapped_headcloth" />
    </equipmentSet>
    <equipmentSet>
      <equipment slot="Item0" id="Item.small_spurred_axe_t2" />
      <equipment slot="Body" id="Item.torn_bandit_clothes" />
      <equipment slot="Leg" id="Item.leather_shoes" />
      <equipment slot="Head" id="Item.wrapped_headcloth" />
    </equipmentSet>
    <equipmentSet>
      <equipment slot="Item0" id="Item.peasant_hammer_1_t1" />
      <equipment slot="Item1" id="Item.throwing_stone" />
      <equipment slot="Body" id="Item.bandit_gambeson" />
      <equipment slot="Leg" id="Item.leather_shoes" />
      <equipment slot="Head" id="Item.wrapped_headcloth" />
    </equipmentSet>
    <upgrade_targets>
      <upgrade_target id="NPCCharacter.imperial_infantryman" />
    </upgrade_targets>
  </NPCCharacter>
  <NPCCharacter id="deserter" default_group="Cavalry" name="{=C8DE6L73}Deserter" level="11" occupation="Bandit" culture="Culture.looters">
    <face>
      <!--face_key value="00000120000010000000000000000000000000000000000000000000000000000000000400000000000000000000000000000000000000000000000000f80000" max_value="001fff7fda0038d1ffffffffffffffffffffffffffffffffffffffffffffffff000ff00dffffffff000000000000000000000000000000000000000000007183" /-->
      <BodyProperties version="4" age="47.62" weight="0.3392" build="0.5657"  key="0000000000001000000000000005000000000000000000008887000070E000000478504607000000000000000000000000000000000000000000000000F00000"  />
      <BodyPropertiesMax version="4" age="93.69" weight="0.2016" build="0.5657"  key="001CFC0FDA0038D1FFFFFFFFFFF3FFF3FFFFFFFFFFFFFFFFFFFFFFFF7FFFFF000A5830AB05FFFF0F000000000000000000000000000000000000000000A07182"  />
    </face>
    <skills>
      <skill id="Athletics" value="40" />
      <skill id="Bow" value="15" />
      <skill id="OneHanded" value="40" />
      <skill id="Polearm" value="20" />
      <skill id="Riding" value="30" />
      <skill id="Throwing" value="30" />
      <skill id="TwoHanded" value="10" />
    </skills>
    <equipmentSet civilian="true">
      <equipment slot="Item0" id="Item.iron_spatha_sword_t2" />
      <equipment slot="Body" id="Item.bandit_envelope_dress_v1" />
      <equipment slot="Leg" id="Item.wrapped_shoes" />
      <equipment slot="Horse" id="Item.sumpter_horse" />
    </equipmentSet>
    <equipmentSet>
      <equipment slot="Item0" id="Item.iron_spatha_sword_t2" />
      <equipment slot="Body" id="Item.bandit_envelope_dress_v1" />
      <equipment slot="Leg" id="Item.wrapped_shoes" />
    </equipmentSet>
    <equipmentSet>
      <equipment slot="Item0" id="Item.iron_spatha_sword_t2" />
      <equipment slot="Body" id="Item.bandit_envelope_dress_v2" />
      <equipment slot="Leg" id="Item.wrapped_shoes" />
    </equipmentSet>
    <equipmentSet>
      <equipment slot="Item0" id="Item.iron_spatha_sword_t2" />
      <equipment slot="Item1" id="Item.western_riders_kite_shield" />
      <equipment slot="Body" id="Item.bandit_leather_water_flask" />
      <equipment slot="Leg" id="Item.wrapped_shoes" />
      <equipment slot="Gloves" id="Item.armwraps" />
    </equipmentSet>
    <equipmentSet>
      <equipment slot="Item0" id="Item.empire_mace_1_t2" />
      <equipment slot="Item1" id="Item.western_riders_kite_shield" />
      <equipment slot="Body" id="Item.vlandia_bandit_c" />
      <equipment slot="Leg" id="Item.wrapped_shoes" />
      <equipment slot="Head" id="Item.wrapped_headcloth" />
    </equipmentSet>
    <equipmentSet>
      <equipment slot="Item0" id="Item.iron_spatha_sword_t2" />
      <equipment slot="Body" id="Item.torn_bandit_clothes" />
      <equipment slot="Leg" id="Item.leather_shoes" />
    </equipmentSet>
    <equipmentSet>
      <equipment slot="Item0" id="Item.empire_mace_1_t2" />
      <equipment slot="Item1" id="Item.western_riders_kite_shield" />
      <equipment slot="Body" id="Item.bandit_gambeson" />
      <equipment slot="Leg" id="Item.leather_shoes" />
      <equipment slot="Head" id="Item.pilgrim_hood" />
    </equipmentSet>
    <equipmentSet>
      <equipment slot="Item0" id="Item.iron_spatha_sword_t2" />
      <equipment slot="Body" id="Item.bandit_envelope_dress_v1" />
      <equipment slot="Leg" id="Item.wrapped_shoes" />
      <equipment slot="Head" id="Item.pilgrim_hood" />
    </equipmentSet>
    <equipmentSet>
      <equipment slot="Item0" id="Item.empire_mace_1_t2" />
      <equipment slot="Body" id="Item.bandit_envelope_dress_v2" />
      <equipment slot="Leg" id="Item.wrapped_shoes" />
    </equipmentSet>
    <equipmentSet>
      <equipment slot="Item0" id="Item.empire_mace_1_t2" />
      <equipment slot="Item1" id="Item.western_riders_kite_shield" />
      <equipment slot="Body" id="Item.bandit_leather_water_flask" />
      <equipment slot="Head" id="Item.pilgrim_hood" />
      <equipment slot="Leg" id="Item.wrapped_shoes" />
      <equipment slot="Gloves" id="Item.armwraps" />
    </equipmentSet>
    <equipmentSet>
      <equipment slot="Item0" id="Item.western_spear_1_t2" />
      <equipment slot="Item1" id="Item.western_riders_kite_shield" />
      <equipment slot="Body" id="Item.vlandia_bandit_c" />
      <equipment slot="Leg" id="Item.wrapped_shoes" />
      <equipment slot="Head" id="Item.wrapped_headcloth" />
    </equipmentSet>
    <equipmentSet>
      <equipment slot="Item0" id="Item.western_spear_1_t2" />
      <equipment slot="Body" id="Item.torn_bandit_clothes" />
      <equipment slot="Leg" id="Item.leather_shoes" />
      <equipment slot="Head" id="Item.wrapped_headcloth" />
    </equipmentSet>
    <equipmentSet>
      <equipment slot="Item0" id="Item.western_spear_1_t2" />
      <equipment slot="Item1" id="Item.throwing_stone" />
      <equipment slot="Body" id="Item.bandit_gambeson" />
      <equipment slot="Leg" id="Item.leather_shoes" />
      <equipment slot="Head" id="Item.wrapped_headcloth" />
    </equipmentSet>
    <upgrade_targets>
      <upgrade_target id="NPCCharacter.imperial_trained_infantryman" />
    </upgrade_targets>
  </NPCCharacter>
  <NPCCharacter id="sea_raiders_bandit" default_group="Infantry" name="{=dq2cP8h0}Sea Raider" level="11" occupation="Bandit" culture="Culture.sea_raiders">
    <face>
      <!--face_key value="00000150000003420101007051161645100000000111100000001010111001000000600506004000000000000000000000000000000000000000000000f80000" max_value="001283ffdafc38d0ffffffff7f6fffffffefffcb9ff0ffffffffffffffffffff000fffffffefffff000000000000000000000000000000000000000000007181" /-->
      <BodyProperties version="4" age="47.62" weight="0.5568" build="0.5657"  key="0000000000000342010100705118164510000000011110008888101081F001000458804605004000000000000000000000000000000000000000000000A00000"  />
      <BodyPropertiesMax version="4" age="114.78" weight="0.4502" build="0.5657"  key="0011800FDAFC38D0FFFFFFFF7F67FFF4FFEFFFCB9FF0FFFFFFFFFFFF7FFFFF010D787FDD07EFFF0F000000000000000000000000000000000000000000F07181"  />
    </face>
    <skills>
      <skill id="Athletics" value="40" />
      <skill id="Bow" value="20" />
      <skill id="OneHanded" value="40" />
      <skill id="Polearm" value="40" />
      <skill id="Riding" value="15" />
      <skill id="Throwing" value="30" />
      <skill id="TwoHanded" value="30" />
    </skills>
    <equipmentSet civilian="true">
      <equipment slot="Item0" id="Item.sturgia_axe_2_t2" />
      <equipment slot="Body" id="Item.nordic_padded_cloth" />
      <equipment slot="Cape" id="Item.scarf" />
      <equipment slot="Leg" id="Item.wrapped_shoes" />
    </equipmentSet>
    <equipmentSet>
      <equipment slot="Item0" id="Item.sturgia_axe_2_t2" />
      <equipment slot="Body" id="Item.nordic_padded_cloth" />
      <equipment slot="Head" id="Item.roughhide_cap" />
      <equipment slot="Cape" id="Item.scarf" />
      <equipment slot="Leg" id="Item.wrapped_shoes" />
    </equipmentSet>
    <equipmentSet>
      <equipment slot="Item0" id="Item.sturgia_axe_2_t2" />
      <equipment slot="Item1" id="Item.northern_spear_1_t2" />
      <equipment slot="Item2" id="Item.northern_round_shield" />
      <equipment slot="Item3" id="Item.northern_javelin_1_t2" />
      <equipment slot="Head" id="Item.roughhide_cap" />
      <equipment slot="Body" id="Item.nordic_padded_cloth" />
      <equipment slot="Leg" id="Item.leather_shoes" />
      <equipment slot="Cape" id="Item.scarf" />
    </equipmentSet>
    <equipmentSet>
      <equipment slot="Item0" id="Item.sturgia_axe_2_t2" />
      <equipment slot="Item1" id="Item.northern_spear_1_t2" />
      <equipment slot="Item2" id="Item.northern_round_shield" />
      <equipment slot="Item3" id="Item.northern_javelin_1_t2" />
      <equipment slot="Head" id="Item.roughhide_cap" />
      <equipment slot="Cape" id="Item.scarf" />
      <equipment slot="Body" id="Item.decorated_nordic_hauberk" />
      <equipment slot="Leg" id="Item.leather_shoes" />
    </equipmentSet>
    <equipmentSet>
      <equipment slot="Item0" id="Item.sturgia_axe_2_t2" />
      <equipment slot="Item1" id="Item.northern_spear_1_t2" />
      <equipment slot="Item2" id="Item.northern_round_shield" />
      <equipment slot="Item3" id="Item.northern_javelin_1_t2" />
      <equipment slot="Body" id="Item.decorated_nordic_hauberk" />
      <equipment slot="Leg" id="Item.leather_shoes" />
    </equipmentSet>
    <equipmentSet>
      <equipment slot="Item0" id="Item.sturgia_axe_2_t2" />
      <equipment slot="Item1" id="Item.northern_spear_1_t2" />
      <equipment slot="Item2" id="Item.northern_round_shield" />
      <equipment slot="Item3" id="Item.northern_javelin_1_t2" />
      <equipment slot="Body" id="Item.northern_leather_vest" />
      <equipment slot="Cape" id="Item.scarf" />
      <equipment slot="Leg" id="Item.leather_shoes" />
    </equipmentSet>
    <upgrade_targets>
      <upgrade_target id="NPCCharacter.sea_raiders_raider" />
      <upgrade_target id="NPCCharacter.sturgian_soldier" />
    </upgrade_targets>
  </NPCCharacter>
  <NPCCharacter id="sea_raiders_raider" default_group="Infantry" name="{=Nr8NkHXU}Sea Raider Warrior" level="16" occupation="Bandit" culture="Culture.sea_raiders">
    <face>
      <face_key_template value="NPCCharacter.sea_raiders_bandit" />
    </face>
    <skills>
      <skill id="Athletics" value="80" />
      <skill id="Bow" value="40" />
      <skill id="OneHanded" value="80" />
      <skill id="Polearm" value="60" />
      <skill id="Riding" value="0" />
      <skill id="Throwing" value="60" />
      <skill id="TwoHanded" value="40" />
    </skills>
    <equipmentSet civilian="true">
      <equipment slot="Item0" id="Item.short_sword_t3" />
      <equipment slot="Item1" id="Item.generic_javelin_1_t3" />
      <equipment slot="Body" id="Item.northern_leather_vest" />
      <equipment slot="Cape" id="Item.scarf" />
      <equipment slot="Leg" id="Item.wrapped_shoes" />
    </equipmentSet>
    <equipmentSet>
      <equipment slot="Item0" id="Item.cleaver_sword_t3" />
      <equipment slot="Item1" id="Item.generic_javelin_1_t3" />
      <equipment slot="Body" id="Item.northern_leather_vest" />
      <equipment slot="Head" id="Item.lendman_helmet_over_mail" />
      <equipment slot="Cape" id="Item.scarf" />
      <equipment slot="Leg" id="Item.wrapped_shoes" />
    </equipmentSet>
    <equipmentSet>
      <equipment slot="Item0" id="Item.cleaver_sword_t3" />
      <equipment slot="Item1" id="Item.northern_spear_2_t3" />
      <equipment slot="Item2" id="Item.northern_round_shield" />
      <equipment slot="Item3" id="Item.generic_javelin_1_t3" />
      <equipment slot="Head" id="Item.roughhide_cap" />
      <equipment slot="Body" id="Item.nordic_padded_cloth" />
      <equipment slot="Leg" id="Item.leather_shoes" />
      <equipment slot="Cape" id="Item.scarf" />
    </equipmentSet>
    <equipmentSet>
      <equipment slot="Item0" id="Item.short_sword_t3" />
      <equipment slot="Item1" id="Item.northern_spear_2_t3" />
      <equipment slot="Item2" id="Item.northern_round_shield" />
      <equipment slot="Item3" id="Item.generic_javelin_1_t3" />
      <equipment slot="Head" id="Item.nasalhelm_over_leather" />
      <equipment slot="Cape" id="Item.scarf" />
      <equipment slot="Body" id="Item.nordic_padded_cloth" />
      <equipment slot="Leg" id="Item.leather_shoes" />
    </equipmentSet>
    <equipmentSet>
      <equipment slot="Item0" id="Item.short_sword_t3" />
      <equipment slot="Item1" id="Item.northern_spear_2_t3" />
      <equipment slot="Item2" id="Item.northern_round_shield" />
      <equipment slot="Item3" id="Item.generic_javelin_1_t3" />
      <equipment slot="Head" id="Item.lendman_helmet_over_mail" />
      <equipment slot="Body" id="Item.decorated_nordic_hauberk" />
      <equipment slot="Leg" id="Item.leather_shoes" />
    </equipmentSet>
    <equipmentSet>
      <equipment slot="Item0" id="Item.cleaver_sword_t3" />
      <equipment slot="Item2" id="Item.northern_round_shield" />
      <equipment slot="Item3" id="Item.generic_javelin_1_t3" />
      <equipment slot="Head" id="Item.roughhide_cap" />
      <equipment slot="Body" id="Item.northern_leather_vest" />
      <equipment slot="Cape" id="Item.scarf" />
      <equipment slot="Leg" id="Item.leather_shoes" />
    </equipmentSet>
    <upgrade_targets>
      <upgrade_target id="NPCCharacter.sea_raiders_chief" />
      <upgrade_target id="NPCCharacter.varyag_veteran" />
    </upgrade_targets>
  </NPCCharacter>
  <NPCCharacter id="sea_raiders_chief" default_group="Infantry" name="{=0Ikzzm71}Sea Raider Chief" level="21" occupation="Bandit" culture="Culture.sea_raiders">
    <face>
      <face_key_template value="NPCCharacter.sea_raiders_bandit" />
    </face>
    <skills>
      <skill id="Athletics" value="40" />
      <skill id="Bow" value="80" />
      <skill id="OneHanded" value="160" />
      <skill id="Polearm" value="40" />
      <skill id="Riding" value="110" />
      <skill id="Throwing" value="120" />
      <skill id="TwoHanded" value="80" />
    </skills>
    <equipmentSet civilian="true">
      <equipment slot="Item0" id="Item.sturgia_axe_4_t4" />
      <equipment slot="Item2" id="Item.northern_round_shield" />
      <equipment slot="Item3" id="Item.northern_throwing_axe_1_t1" />
      <equipment slot="Body" id="Item.decorated_nordic_hauberk" />
      <equipment slot="Leg" id="Item.leather_shoes" />
    </equipmentSet>
    <equipmentSet>
      <equipment slot="Item0" id="Item.sturgia_axe_4_t4" />
      <equipment slot="Item2" id="Item.northern_round_shield" />
      <equipment slot="Item3" id="Item.northern_throwing_axe_1_t1" />
      <equipment slot="Head" id="Item.northern_warlord_helmet" />
      <equipment slot="Cape" id="Item.bearskin" />
      <equipment slot="Body" id="Item.decorated_nordic_hauberk" />
      <equipment slot="Leg" id="Item.mail_chausses" />
    </equipmentSet>
    <equipmentSet>
      <equipment slot="Item0" id="Item.sturgia_axe_4_t4" />
      <equipment slot="Item2" id="Item.northern_round_shield" />
      <equipment slot="Item3" id="Item.northern_throwing_axe_1_t1" />
      <equipment slot="Head" id="Item.lendman_helmet_over_mail" />
      <equipment slot="Body" id="Item.nordic_hauberk" />
      <equipment slot="Leg" id="Item.mail_chausses" />
    </equipmentSet>
    <equipmentSet>
      <equipment slot="Item0" id="Item.sturgia_axe_4_t4" />
      <equipment slot="Item2" id="Item.northern_round_shield" />
      <equipment slot="Item3" id="Item.northern_throwing_axe_1_t1" />
      <equipment slot="Head" id="Item.nasalhelm_over_leather" />
      <equipment slot="Body" id="Item.hauberk" />
      <equipment slot="Leg" id="Item.mail_chausses" />
    </equipmentSet>
    <equipmentSet>
      <equipment slot="Item0" id="Item.sturgia_axe_4_t4" />
      <equipment slot="Item2" id="Item.northern_round_shield" />
      <equipment slot="Item3" id="Item.northern_throwing_axe_1_t1" />
      <equipment slot="Body" id="Item.nordic_hauberk" />
      <equipment slot="Leg" id="Item.mail_chausses" />
      <equipment slot="Head" id="Item.nasalhelm_over_mail" />
    </equipmentSet>
    <upgrade_targets>
      <upgrade_target id="NPCCharacter.druzhinnik" />
    </upgrade_targets>
  </NPCCharacter>
  <NPCCharacter id="mountain_bandits_bandit" default_group="Infantry" name="{=9laVlEH9}Hillmen" level="11" occupation="Bandit" culture="Culture.mountain_bandits">
    <face>
      <!--face_key value="00000124400000010101007051141645100000000111100000001010111001000000400400004000000000000000000000000000000000000000000000f80000" max_value="0019ffffda3c38d1ffffffffffffffffffefffddccbffeffffffffffffffffff000fffffffefffff000000000000000000000000000000000000000000006181" /-->
      <BodyProperties version="4" age="49.84" weight="0.5346" build="0.5657"  key="0000000440000001010100705118164510000000011110008887101071F001000468804606004000000000000000000000000000000000000000000000C80000"  />
      <BodyPropertiesMax version="4" age="57.06" weight="0.4369" build="0.5657"  key="0016FC0FDA4438D1FFFFFFFFFFF7FFF4FFEFFFDDCCBFFEFFFFFFFFFF8FFFFF0005687F5706EFFF1F000000000000000000000000000000000000000000C86181"  />
    </face>
    <skills>
      <skill id="Athletics" value="40" />
      <skill id="Bow" value="20" />
      <skill id="OneHanded" value="40" />
      <skill id="Polearm" value="40" />
      <skill id="Riding" value="15" />
      <skill id="Throwing" value="15" />
      <skill id="TwoHanded" value="20" />
    </skills>
    <equipmentSet civilian="true">
      <equipment slot="Item0" id="Item.falchion_sword_t2" />
      <equipment slot="Item1" id="Item.eastern_spear_1_t2" />
      <equipment slot="Body" id="Item.baggy_trunks" />
      <equipment slot="Leg" id="Item.wrapped_shoes" />
    </equipmentSet>
    <equipmentSet>
      <equipment slot="Item0" id="Item.falchion_sword_t2" />
      <equipment slot="Body" id="Item.baggy_trunks" />
      <equipment slot="Leg" id="Item.wrapped_shoes" />
    </equipmentSet>
    <equipmentSet>
      <equipment slot="Item0" id="Item.falchion_sword_t2" />
      <equipment slot="Item1" id="Item.eastern_spear_1_t2" />
      <equipment slot="Item2" id="Item.throwing_stone" />
      <equipment slot="Body" id="Item.armored_baggy_trunks" />
      <equipment slot="Leg" id="Item.wrapped_shoes" />
    </equipmentSet>
    <equipmentSet>
      <equipment slot="Item0" id="Item.falchion_sword_t2" />
      <equipment slot="Item2" id="Item.throwing_stone" />
      <equipment slot="Body" id="Item.sleeveless_studded_fur_armor" />
      <equipment slot="Leg" id="Item.wrapped_shoes" />
    </equipmentSet>
    <equipmentSet>
      <equipment slot="Item0" id="Item.falchion_sword_t2" />
      <equipment slot="Item2" id="Item.throwing_stone" />
      <equipment slot="Body" id="Item.studded_fur_armor" />
      <equipment slot="Leg" id="Item.leather_shoes" />
    </equipmentSet>
    <upgrade_targets>
      <upgrade_target id="NPCCharacter.mountain_bandits_raider" />
      <upgrade_target id="NPCCharacter.vlandian_infantry" />
    </upgrade_targets>
  </NPCCharacter>
  <NPCCharacter id="mountain_bandits_raider" default_group="Infantry" name="{=ZKdiaaFo}Brigand" level="16" occupation="Bandit" culture="Culture.mountain_bandits">
    <face>
      <face_key_template value="NPCCharacter.mountain_bandits_bandit" />
    </face>
    <skills>
      <skill id="Athletics" value="60" />
      <skill id="Bow" value="40" />
      <skill id="OneHanded" value="40" />
      <skill id="Polearm" value="70" />
      <skill id="Riding" value="20" />
      <skill id="Throwing" value="70" />
      <skill id="TwoHanded" value="60" />
    </skills>
    <equipmentSet civilian="true">
      <equipment slot="Item0" id="Item.western_spear_3_t3" />
      <equipment slot="Item1" id="Item.old_kite_shield" />
      <equipment slot="Item2" id="Item.vlandia_axe_1_t3" />
      <equipment slot="Item3" id="Item.western_javelin_2_t3" />
      <equipment slot="Head" id="Item.wrapped_headcloth" />
      <equipment slot="Body" id="Item.battania_woodland_chainmail" />
      <equipment slot="Leg" id="Item.rough_tied_boots" />
      <equipment slot="Gloves" id="Item.buttoned_leather_bracers" />
    </equipmentSet>
    <equipmentSet>
      <equipment slot="Item0" id="Item.vlandia_axe_1_t3" />
      <equipment slot="Item1" id="Item.old_kite_shield" />
      <equipment slot="Item2" id="Item.western_spear_3_t3" />
      <equipment slot="Item3" id="Item.western_javelin_2_t3" />
      <equipment slot="Head" id="Item.wrapped_headcloth" />
      <equipment slot="Body" id="Item.battania_woodland_chainmail" />
      <equipment slot="Leg" id="Item.rough_tied_boots" />
      <equipment slot="Gloves" id="Item.buttoned_leather_bracers" />
    </equipmentSet>
    <equipmentSet>
      <equipment slot="Item0" id="Item.vlandia_axe_1_t3" />
      <equipment slot="Item1" id="Item.old_kite_shield" />
      <equipment slot="Item2" id="Item.western_spear_3_t3" />
      <equipment slot="Item3" id="Item.western_javelin_2_t3" />
      <equipment slot="Head" id="Item.nordic_fur_cap" />
      <equipment slot="Body" id="Item.battania_woodland_outfit" />
      <equipment slot="Leg" id="Item.ragged_boots" />
      <equipment slot="Gloves" id="Item.buttoned_leather_bracers" />
    </equipmentSet>
    <equipmentSet>
      <equipment slot="Item0" id="Item.vlandia_axe_1_t3" />
      <equipment slot="Item1" id="Item.battered_kite_shield" />
      <equipment slot="Item2" id="Item.western_spear_3_t3" />
      <equipment slot="Item3" id="Item.western_javelin_2_t3" />
      <equipment slot="Head" id="Item.northern_fur_cap" />
      <equipment slot="Body" id="Item.battania_woodland_outfit" />
      <equipment slot="Leg" id="Item.highland_leg_wrappings" />
      <equipment slot="Gloves" id="Item.guarded_armwraps" />
    </equipmentSet>
    <equipmentSet>
      <equipment slot="Item0" id="Item.vlandia_axe_1_t3" />
      <equipment slot="Item1" id="Item.battered_kite_shield" />
      <equipment slot="Item2" id="Item.western_spear_3_t3" />
      <equipment slot="Item3" id="Item.western_javelin_2_t3" />
      <equipment slot="Body" id="Item.long_fur_coat" />
      <equipment slot="Leg" id="Item.highland_boots" />
      <equipment slot="Head" id="Item.roughhide_cap" />
      <equipment slot="Gloves" id="Item.guarded_armwraps" />
    </equipmentSet>
    <upgrade_targets>
      <upgrade_target id="NPCCharacter.vlandian_billman" />
      <upgrade_target id="NPCCharacter.mountain_bandits_chief" />
    </upgrade_targets>
  </NPCCharacter>
  <NPCCharacter id="mountain_bandits_chief" default_group="Cavalry" name="{=P6Md9DpR}Highwayman" level="21" upgrade_requires="ItemCategory.war_horse" occupation="Bandit" culture="Culture.mountain_bandits">
    <face>
      <face_key_template value="NPCCharacter.mountain_bandits_bandit" />
    </face>
    <skills>
      <skill id="Athletics" value="100" />
      <skill id="Bow" value="80" />
      <skill id="OneHanded" value="100" />
      <skill id="Polearm" value="110" />
      <skill id="Riding" value="120" />
      <skill id="Throwing" value="120" />
      <skill id="TwoHanded" value="100" />
    </skills>
    <equipmentSet civilian="true">
      <equipment slot="Item0" id="Item.vlandia_mace_1_t2" />
      <equipment slot="Item1" id="Item.throwing_stone" />
      <equipment slot="Body" id="Item.bandit_envelope_dress_v1" />
      <equipment slot="Leg" id="Item.wrapped_shoes" />
    </equipmentSet>
    <equipmentSet>
      <equipment slot="Item2" id="Item.western_spear_4_t4" />
      <equipment slot="Item1" id="Item.old_kite_shield" />
      <equipment slot="Item0" id="Item.vlandia_axe_2_t4" />
      <equipment slot="Item3" id="Item.northern_javelin_3_t4" />
      <equipment slot="Head" id="Item.leather_studdedhelm_over_thinhide" />
      <equipment slot="Body" id="Item.banded_leather_over_mail" />
      <equipment slot="Leg" id="Item.rough_tied_boots" />
      <equipment slot="Gloves" id="Item.reinforced_padded_mitten" />
      <equipment slot="Cape" id="Item.battania_shoulder_furr" />
      <equipment slot="Horse" id="Item.t2_empire_horse" />
      <equipment slot="HorseHarness" id="Item.battania_horse_harness" />
    </equipmentSet>
    <equipmentSet>
      <equipment slot="Item2" id="Item.western_spear_4_t4" />
      <equipment slot="Item1" id="Item.old_kite_shield" />
      <equipment slot="Item0" id="Item.vlandia_axe_2_t4" />
      <equipment slot="Item3" id="Item.northern_javelin_3_t4" />
      <equipment slot="Head" id="Item.leather_studdedhelm_over_thinhide" />
      <equipment slot="Body" id="Item.battania_woodland_chainmail" />
      <equipment slot="Leg" id="Item.ragged_boots" />
      <equipment slot="Gloves" id="Item.reinforced_padded_mitten" />
      <equipment slot="Cape" id="Item.battania_shoulder_furr" />
      <equipment slot="Horse" id="Item.t2_empire_horse" />
      <equipment slot="HorseHarness" id="Item.battania_horse_harness" />
    </equipmentSet>
    <equipmentSet>
      <equipment slot="Item2" id="Item.western_spear_4_t4" />
      <equipment slot="Item1" id="Item.battered_kite_shield" />
      <equipment slot="Item0" id="Item.vlandia_axe_2_t4" />
      <equipment slot="Item3" id="Item.northern_javelin_3_t4" />
      <equipment slot="Head" id="Item.leather_studdedhelm_over_thinhide" />
      <equipment slot="Body" id="Item.buckled_wildsman_armor" />
      <equipment slot="Leg" id="Item.highland_leg_wrappings" />
      <equipment slot="Gloves" id="Item.mail_mitten" />
      <equipment slot="Cape" id="Item.battania_cloak_furr" />
      <equipment slot="Horse" id="Item.t2_empire_horse" />
      <equipment slot="HorseHarness" id="Item.battania_horse_harness" />
    </equipmentSet>
    <equipmentSet>
      <equipment slot="Item2" id="Item.western_spear_4_t4" />
      <equipment slot="Item1" id="Item.battered_kite_shield" />
      <equipment slot="Item0" id="Item.vlandia_axe_2_t4" />
      <equipment slot="Item3" id="Item.northern_javelin_3_t4" />
      <equipment slot="Body" id="Item.empire_horseman_armor" />
      <equipment slot="Leg" id="Item.highland_boots" />
      <equipment slot="Head" id="Item.leather_studdedhelm_over_headcloth" />
      <equipment slot="Gloves" id="Item.mail_mitten" />
      <equipment slot="Cape" id="Item.battania_cloak_furr" />
      <equipment slot="Horse" id="Item.t2_empire_horse" />
      <equipment slot="HorseHarness" id="Item.battania_horse_harness" />
    </equipmentSet>
    <equipmentSet>
      <equipment slot="Item2" id="Item.western_spear_4_t4" />
      <equipment slot="Item1" id="Item.battered_kite_shield" />
      <equipment slot="Item0" id="Item.vlandia_axe_2_t4" />
      <equipment slot="Item3" id="Item.northern_javelin_3_t4" />
      <equipment slot="Body" id="Item.western_scale_mail" />
      <equipment slot="Leg" id="Item.highland_boots" />
      <equipment slot="Head" id="Item.leather_studdedhelm_over_headcloth" />
      <equipment slot="Gloves" id="Item.mail_mitten" />
      <equipment slot="Cape" id="Item.battania_woodland_cloak" />
      <equipment slot="Horse" id="Item.t2_empire_horse" />
      <equipment slot="HorseHarness" id="Item.battania_horse_harness" />
    </equipmentSet>
    <upgrade_targets>
      <upgrade_target id="NPCCharacter.vlandian_champion" />
    </upgrade_targets>
  </NPCCharacter>
  <NPCCharacter id="forest_bandits_bandit" default_group="Ranged" name="{=HadsURl8}Bushwacker" level="11" occupation="Bandit" culture="Culture.forest_bandits">
    <face>
      <!--face_key value="00000110000000010101007051141645100000000111100000001010111001000000400400004000000000000000000000000000000000000000000000f80000" max_value="0012ffffda3c38d0ffffffffcf8fffffffeffb9889e0ffffffffffffffffffff000fffffffefffff000000000000000000000000000000000000000000006181" /-->
      <BodyProperties version="4" age="66.49" weight="0.428" build="0.5657"  key="0000000000000001010100705116164510000000011110008888101071E001000678606807004000000000000000000000000000000000000000000000F00000"  />
      <BodyPropertiesMax version="4" age="58.17" weight="0.4946" build="0.5657"  key="0011FC0FDA4438D0FFFFFFFFCF87FFF4FFEFFB9889E0FFFFFFFFFFFF7FFFFF0105687F5706EFFF0F000000000000000000000000000000000000000000C86181"  />
    </face>
    <skills>
      <skill id="Athletics" value="40" />
      <skill id="Bow" value="40" />
      <skill id="OneHanded" value="20" />
      <skill id="Polearm" value="20" />
      <skill id="Riding" value="30" />
      <skill id="Throwing" value="20" />
      <skill id="TwoHanded" value="15" />
    </skills>
    <equipmentSet civilian="true">
      <equipment slot="Item0" id="Item.glen_ranger_bow" />
      <equipment slot="Item1" id="Item.default_arrows" />
      <equipment slot="Item2" id="Item.battania_axe_1_t2" />
      <equipment slot="Item3" id="Item.default_arrows" />
      <equipment slot="Body" id="Item.battania_woodland_outfit" />
      <equipment slot="Leg" id="Item.ragged_boots" />
      <equipment slot="Gloves" id="Item.guarded_armwraps" />
    </equipmentSet>
    <equipmentSet>
      <equipment slot="Item0" id="Item.mountain_hunting_bow" />
      <equipment slot="Item1" id="Item.default_arrows" />
      <equipment slot="Item2" id="Item.simple_back_sword_t2" />
      <equipment slot="Item3" id="Item.default_arrows" />
      <equipment slot="Body" id="Item.battania_woodland_outfit" />
      <equipment slot="Leg" id="Item.ragged_boots" />
      <equipment slot="Gloves" id="Item.guarded_armwraps" />
    </equipmentSet>
    <equipmentSet>
      <equipment slot="Item0" id="Item.mountain_hunting_bow" />
      <equipment slot="Item1" id="Item.default_arrows" />
      <equipment slot="Item2" id="Item.battania_axe_1_t2" />
      <equipment slot="Item3" id="Item.default_arrows" />
      <equipment slot="Body" id="Item.battania_woodland_outfit" />
      <equipment slot="Gloves" id="Item.armwraps" />
      <equipment slot="Head" id="Item.pilgrim_hood" />
    </equipmentSet>
    <equipmentSet>
      <equipment slot="Item0" id="Item.hunting_bow" />
      <equipment slot="Item1" id="Item.default_arrows" />
      <equipment slot="Item2" id="Item.simple_back_sword_t2" />
      <equipment slot="Item3" id="Item.default_arrows" />
      <equipment slot="Body" id="Item.battania_civil_b" />
      <equipment slot="Gloves" id="Item.rough_tied_bracers" />
      <equipment slot="Head" id="Item.roughhide_cap" />
    </equipmentSet>
    <equipmentSet>
      <equipment slot="Item0" id="Item.glen_ranger_bow" />
      <equipment slot="Item1" id="Item.default_arrows" />
      <equipment slot="Item2" id="Item.battania_axe_1_t2" />
      <equipment slot="Item3" id="Item.default_arrows" />
      <equipment slot="Body" id="Item.battania_civil_b" />
      <equipment slot="Gloves" id="Item.guarded_armwraps" />
      <equipment slot="Head" id="Item.pilgrim_hood" />
    </equipmentSet>
    <equipmentSet>
      <equipment slot="Item0" id="Item.glen_ranger_bow" />
      <equipment slot="Item1" id="Item.default_arrows" />
      <equipment slot="Item2" id="Item.simple_back_sword_t2" />
      <equipment slot="Item3" id="Item.default_arrows" />
      <equipment slot="Body" id="Item.bandit_fur_a" />
      <equipment slot="Gloves" id="Item.armwraps" />
      <equipment slot="Head" id="Item.roughhide_cap" />
    </equipmentSet>
    <equipmentSet>
      <equipment slot="Item0" id="Item.mountain_hunting_bow" />
      <equipment slot="Item1" id="Item.default_arrows" />
      <equipment slot="Item2" id="Item.battania_axe_1_t2" />
      <equipment slot="Item3" id="Item.default_arrows" />
      <equipment slot="Body" id="Item.bandit_fur_a" />
      <equipment slot="Gloves" id="Item.armwraps" />
      <equipment slot="Head" id="Item.pilgrim_hood" />
    </equipmentSet>
    <equipmentSet>
      <equipment slot="Item0" id="Item.highland_ranger_bow" />
      <equipment slot="Item1" id="Item.default_arrows" />
      <equipment slot="Item2" id="Item.simple_back_sword_t2" />
      <equipment slot="Item3" id="Item.default_arrows" />
      <equipment slot="Body" id="Item.torn_bandit_clothes" />
      <equipment slot="Gloves" id="Item.armwraps" />
      <equipment slot="Head" id="Item.wrapped_headcloth" />
    </equipmentSet>
    <equipmentSet>
      <equipment slot="Item0" id="Item.highland_ranger_bow" />
      <equipment slot="Item1" id="Item.default_arrows" />
      <equipment slot="Item2" id="Item.battania_axe_1_t2" />
      <equipment slot="Item3" id="Item.default_arrows" />
      <equipment slot="Body" id="Item.torn_bandit_clothes" />
      <equipment slot="Gloves" id="Item.eastern_wrapped_armguards" />
    </equipmentSet>
    <upgrade_targets>
      <upgrade_target id="NPCCharacter.forest_bandits_raider" />
      <upgrade_target id="NPCCharacter.battanian_raider" />
    </upgrade_targets>
  </NPCCharacter>
  <NPCCharacter id="forest_bandits_raider" default_group="Ranged" name="{=ZxmBdWTu}Freebooter" level="16" occupation="Bandit" culture="Culture.forest_bandits">
    <face>
      <face_key_template value="NPCCharacter.forest_bandits_bandit" />
    </face>
    <skills>
      <skill id="Athletics" value="50" />
      <skill id="Bow" value="70" />
      <skill id="OneHanded" value="70" />
      <skill id="Polearm" value="30" />
      <skill id="Riding" value="0" />
      <skill id="Throwing" value="40" />
      <skill id="TwoHanded" value="70" />
    </skills>
    <equipmentSet civilian="true">
      <equipment slot="Item0" id="Item.highland_ranger_bow" />
      <equipment slot="Item1" id="Item.barbed_arrows" />
      <equipment slot="Item2" id="Item.narrow_sword_t3" />
      <equipment slot="Item3" id="Item.barbed_arrows" />
      <equipment slot="Body" id="Item.bandit_fur_a" />
      <equipment slot="Leg" id="Item.rough_tied_boots" />
      <equipment slot="Gloves" id="Item.rough_tied_bracers" />
      <equipment slot="Head" id="Item.pilgrim_hood" />
    </equipmentSet>
    <equipmentSet>
      <equipment slot="Item0" id="Item.highland_ranger_bow" />
      <equipment slot="Item1" id="Item.barbed_arrows" />
      <equipment slot="Item2" id="Item.narrow_sword_t3" />
      <equipment slot="Item3" id="Item.barbed_arrows" />
      <equipment slot="Body" id="Item.bandit_gambeson" />
      <equipment slot="Leg" id="Item.ragged_boots" />
      <equipment slot="Gloves" id="Item.guarded_armwraps" />
      <equipment slot="Head" id="Item.battania_civil_hood" />
      <equipment slot="Cape" id="Item.battania_civil_cloak" />
    </equipmentSet>
    <equipmentSet>
      <equipment slot="Item0" id="Item.highland_ranger_bow" />
      <equipment slot="Item1" id="Item.barbed_arrows" />
      <equipment slot="Item2" id="Item.cleaver_sword_t3" />
      <equipment slot="Item3" id="Item.barbed_arrows" />
      <equipment slot="Body" id="Item.bandit_fur_a" />
      <equipment slot="Leg" id="Item.rough_tied_boots" />
      <equipment slot="Gloves" id="Item.rough_tied_bracers" />
      <equipment slot="Head" id="Item.pilgrim_hood" />
    </equipmentSet>
    <equipmentSet>
      <equipment slot="Item0" id="Item.glen_ranger_bow" />
      <equipment slot="Item1" id="Item.barbed_arrows" />
      <equipment slot="Item2" id="Item.cleaver_sword_t3" />
      <equipment slot="Item3" id="Item.barbed_arrows" />
      <equipment slot="Body" id="Item.bandit_fur_a" />
      <equipment slot="Leg" id="Item.rough_tied_boots" />
      <equipment slot="Gloves" id="Item.rough_tied_bracers" />
      <equipment slot="Head" id="Item.battania_civil_hood" />
      <equipment slot="Cape" id="Item.battania_civil_cloak" />
    </equipmentSet>
    <equipmentSet>
      <equipment slot="Item0" id="Item.glen_ranger_bow" />
      <equipment slot="Item1" id="Item.barbed_arrows" />
      <equipment slot="Item2" id="Item.cleaver_sword_t3" />
      <equipment slot="Item3" id="Item.barbed_arrows" />
      <equipment slot="Body" id="Item.battania_woodland_chainmail" />
      <equipment slot="Leg" id="Item.highland_leg_wrappings" />
      <equipment slot="Gloves" id="Item.guarded_armwraps" />
    </equipmentSet>
    <equipmentSet>
      <equipment slot="Item0" id="Item.glen_ranger_bow" />
      <equipment slot="Item1" id="Item.barbed_arrows" />
      <equipment slot="Item2" id="Item.cleaver_sword_t3" />
      <equipment slot="Item3" id="Item.barbed_arrows" />
      <equipment slot="Body" id="Item.battania_woodland_chainmail" />
      <equipment slot="Leg" id="Item.strapped_leather_boots" />
      <equipment slot="Gloves" id="Item.rough_tied_bracers" />
      <equipment slot="Head" id="Item.pilgrim_hood" />
    </equipmentSet>
    <equipmentSet>
      <equipment slot="Item0" id="Item.glen_ranger_bow" />
      <equipment slot="Item1" id="Item.barbed_arrows" />
      <equipment slot="Item2" id="Item.short_sword_t3" />
      <equipment slot="Item3" id="Item.barbed_arrows" />
      <equipment slot="Body" id="Item.battania_woodland_outfit" />
      <equipment slot="Leg" id="Item.strapped_leather_boots" />
      <equipment slot="Gloves" id="Item.rough_tied_bracers" />
      <equipment slot="Cape" id="Item.scarf" />
      <equipment slot="Head" id="Item.pilgrim_hood" />
    </equipmentSet>
    <equipmentSet>
      <equipment slot="Item0" id="Item.glen_ranger_bow" />
      <equipment slot="Item1" id="Item.barbed_arrows" />
      <equipment slot="Item2" id="Item.short_sword_t3" />
      <equipment slot="Item3" id="Item.barbed_arrows" />
      <equipment slot="Body" id="Item.battania_woodland_outfit" />
      <equipment slot="Leg" id="Item.strapped_shoes" />
      <equipment slot="Gloves" id="Item.rough_tied_bracers" />
      <equipment slot="Head" id="Item.wrapped_headcloth" />
    </equipmentSet>
    <equipmentSet>
      <equipment slot="Item0" id="Item.highland_ranger_bow" />
      <equipment slot="Item1" id="Item.barbed_arrows" />
      <equipment slot="Item2" id="Item.short_sword_t3" />
      <equipment slot="Item3" id="Item.barbed_arrows" />
      <equipment slot="Body" id="Item.battania_woodland_outfit" />
      <equipment slot="Leg" id="Item.ragged_boots" />
      <equipment slot="Gloves" id="Item.eastern_wrapped_armguards" />
      <equipment slot="Cape" id="Item.scarf" />
    </equipmentSet>
    <upgrade_targets>
      <upgrade_target id="NPCCharacter.forest_bandits_chief" />
      <upgrade_target id="NPCCharacter.battanian_falxman" />
    </upgrade_targets>
  </NPCCharacter>
  <NPCCharacter id="forest_bandits_chief" default_group="Ranged" name="{=sFgODQ1q}Forest Bandit" level="21" occupation="Bandit" culture="Culture.forest_bandits">
    <face>
      <face_key_template value="NPCCharacter.forest_bandits_bandit" />
    </face>
    <skills>
      <skill id="Athletics" value="110" />
      <skill id="Bow" value="150" />
      <skill id="OneHanded" value="120" />
      <skill id="Polearm" value="80" />
      <skill id="Riding" value="0" />
      <skill id="Throwing" value="80" />
      <skill id="TwoHanded" value="80" />
    </skills>
    <equipmentSet civilian="true">
      <equipment slot="Item0" id="Item.vlandia_mace_1_t2" />
      <equipment slot="Item1" id="Item.throwing_stone" />
      <equipment slot="Body" id="Item.bandit_envelope_dress_v1" />
      <equipment slot="Leg" id="Item.wrapped_shoes" />
    </equipmentSet>
    <equipmentSet>
      <equipment slot="Item0" id="Item.woodland_longbow" />
      <equipment slot="Item1" id="Item.barbed_arrows" />
      <equipment slot="Item2" id="Item.battania_axe_2_t4" />
      <equipment slot="Item3" id="Item.barbed_arrows" />
      <equipment slot="Body" id="Item.rough_fur_over_chain" />
      <equipment slot="Leg" id="Item.battania_woodland_boots" />
      <equipment slot="Gloves" id="Item.woven_leather_bracers" />
      <equipment slot="Head" id="Item.wolfhead" />
      <equipment slot="Cape" id="Item.wolf_shoulder" />
    </equipmentSet>
    <equipmentSet>
      <equipment slot="Item0" id="Item.woodland_longbow" />
      <equipment slot="Item1" id="Item.barbed_arrows" />
      <equipment slot="Item2" id="Item.battania_axe_2_t4" />
      <equipment slot="Item3" id="Item.barbed_arrows" />
      <equipment slot="Body" id="Item.battania_woodland_chainmail" />
      <equipment slot="Leg" id="Item.mail_chausses" />
      <equipment slot="Gloves" id="Item.woven_leather_bracers" />
      <equipment slot="Cape" id="Item.battania_cloak_furr" />
    </equipmentSet>
    <equipmentSet>
      <equipment slot="Item0" id="Item.woodland_longbow" />
      <equipment slot="Item1" id="Item.barbed_arrows" />
      <equipment slot="Item2" id="Item.battania_axe_2_t4" />
      <equipment slot="Item3" id="Item.barbed_arrows" />
      <equipment slot="Body" id="Item.battania_mercenary_armor" />
      <equipment slot="Leg" id="Item.mail_chausses" />
      <equipment slot="Gloves" id="Item.studded_vambraces" />
      <equipment slot="Head" id="Item.bearhead" />
      <equipment slot="Cape" id="Item.bearskin" />
    </equipmentSet>
    <equipmentSet>
      <equipment slot="Item0" id="Item.woodland_longbow" />
      <equipment slot="Item1" id="Item.barbed_arrows" />
      <equipment slot="Item2" id="Item.battania_axe_2_t4" />
      <equipment slot="Item3" id="Item.barbed_arrows" />
      <equipment slot="Body" id="Item.mail_shirt" />
      <equipment slot="Leg" id="Item.battania_fur_boots" />
      <equipment slot="Gloves" id="Item.studded_vambraces" />
      <equipment slot="Cape" id="Item.bearskin" />
    </equipmentSet>
    <equipmentSet>
      <equipment slot="Item0" id="Item.woodland_longbow" />
      <equipment slot="Item1" id="Item.barbed_arrows" />
      <equipment slot="Item2" id="Item.battania_axe_2_t4" />
      <equipment slot="Item3" id="Item.barbed_arrows" />
      <equipment slot="Body" id="Item.buckled_wildsman_armor" />
      <equipment slot="Leg" id="Item.battania_leather_boots" />
      <equipment slot="Gloves" id="Item.studded_leather_vambraces" />
      <equipment slot="Head" id="Item.bearhead" />
      <equipment slot="Cape" id="Item.bearskin" />
    </equipmentSet>
    <upgrade_targets>
      <upgrade_target id="NPCCharacter.battanian_fian" />
    </upgrade_targets>
  </NPCCharacter>
  <NPCCharacter id="desert_bandits_bandit" default_group="Infantry" name="{=uOAnHN47}Bedouin Rover" level="11" occupation="Bandit" culture="Culture.desert_bandits">
    <face>
      <!--face_key value="001da54e400002400000000000010000000000000000000000000000000000000000400500000000000000000000000000000000000000000000000000f80000" max_value="002cffffc000348fffffffffb87fffff7ff7ffffffffffffffffffffffffff7f000fffffffffffff000000000000000000000000000000000000000000007141" /-->
      <BodyProperties version="4" age="44.29" weight="0.357" build="0.5657"  key="001CA40E40000240000000000005000000000000000000008888000070F000000378503507000000000000000000000000000000000000000000000000F00000"  />
      <BodyPropertiesMax version="4" age="59.83" weight="0.4591" build="0.5657"  key="002DFC0FC000348FFFFFFFFFB877FFF47FF7FFFFFFFFFFFFFFFFFFFF7FFFFE0005687F5706FFFF1F000000000000000000000000000000000000000000C87141"  />
    </face>
    <skills>
      <skill id="Athletics" value="20" />
      <skill id="Bow" value="20" />
      <skill id="OneHanded" value="30" />
      <skill id="Polearm" value="40" />
      <skill id="Riding" value="20" />
      <skill id="Throwing" value="0" />
      <skill id="TwoHanded" value="10" />
    </skills>
    <equipmentSet civilian="true">
      <equipment slot="Item1" id="Item.eastern_spear_1_t2" />
      <equipment slot="Item0" id="Item.aserai_mace_1_t2" />
      <equipment slot="Body" id="Item.desert_robe" />
      <equipment slot="Leg" id="Item.strapped_leather_boots" />
      <equipment slot="Head" id="Item.turban" />
    </equipmentSet>
    <equipmentSet>
      <equipment slot="Item1" id="Item.eastern_spear_1_t2" />
      <equipment slot="Item0" id="Item.aserai_mace_1_t2" />
      <equipment slot="Body" id="Item.aserai_civil_f" />
      <equipment slot="Leg" id="Item.wrapped_shoes" />
      <equipment slot="Head" id="Item.tuareg" />
    </equipmentSet>
    <equipmentSet>
      <equipment slot="Item1" id="Item.eastern_spear_1_t2" />
      <equipment slot="Item0" id="Item.aserai_mace_1_t2" />
      <equipment slot="Body" id="Item.layered_robe" />
      <equipment slot="Leg" id="Item.wrapped_shoes" />
      <equipment slot="Head" id="Item.turban" />
    </equipmentSet>
    <equipmentSet>
      <equipment slot="Item1" id="Item.eastern_spear_1_t2" />
      <equipment slot="Item0" id="Item.aserai_mace_1_t2" />
      <equipment slot="Body" id="Item.desert_robe" />
      <equipment slot="Leg" id="Item.strapped_leather_boots" />
      <equipment slot="Head" id="Item.turban" />
    </equipmentSet>
    <upgrade_targets>
      <upgrade_target id="NPCCharacter.desert_bandits_raider" />
      <upgrade_target id="NPCCharacter.aserai_skirmisher" />
    </upgrade_targets>
  </NPCCharacter>
  <NPCCharacter id="desert_bandits_raider" default_group="Cavalry" name="{=0qDNS83n}Nomad Bandit" level="16" upgrade_requires="ItemCategory.horse" occupation="Bandit" culture="Culture.desert_bandits">
    <face>
      <face_key_template value="NPCCharacter.desert_bandits_bandit" />
    </face>
    <skills>
      <skill id="Athletics" value="60" />
      <skill id="Bow" value="80" />
      <skill id="OneHanded" value="60" />
      <skill id="Polearm" value="80" />
      <skill id="Riding" value="40" />
      <skill id="Throwing" value="0" />
      <skill id="TwoHanded" value="40" />
    </skills>
    <equipmentSet civilian="true">
      <equipment slot="Item0" id="Item.star_falchion_sword_t3" />
      <equipment slot="Head" id="Item.open_head_scarf" />
      <equipment slot="Body" id="Item.desert_padded_cloth" />
      <equipment slot="Leg" id="Item.strapped_leather_boots" />
      <equipment slot="Cape" id="Item.wrapped_scarf" />
      <equipment slot="Gloves" id="Item.guarded_padded_vambrace" />
      <equipment slot="Horse" id="Item.aserai_horse" />
      <equipment slot="HorseHarness" id="Item.desert_cloth_harness" />
    </equipmentSet>
    <equipmentSet>
      <equipment slot="Item1" id="Item.eastern_spear_3_t3" />
      <equipment slot="Item0" id="Item.star_falchion_sword_t3" />
      <equipment slot="Head" id="Item.open_head_scarf" />
      <equipment slot="Body" id="Item.desert_padded_cloth" />
      <equipment slot="Leg" id="Item.strapped_leather_boots" />
      <equipment slot="Cape" id="Item.wrapped_scarf" />
      <equipment slot="Gloves" id="Item.guarded_padded_vambrace" />
      <equipment slot="Horse" id="Item.aserai_horse" />
      <equipment slot="HorseHarness" id="Item.desert_cloth_harness" />
    </equipmentSet>
    <equipmentSet>
      <equipment slot="Item1" id="Item.eastern_spear_3_t3" />
      <equipment slot="Item0" id="Item.star_falchion_sword_t3" />
      <equipment slot="Head" id="Item.tied_head_wrapping" />
      <equipment slot="Body" id="Item.short_padded_robe" />
      <equipment slot="Leg" id="Item.leather_shoes" />
      <equipment slot="Cape" id="Item.wrapped_scarf" />
      <equipment slot="Gloves" id="Item.guarded_padded_vambrace" />
      <equipment slot="Horse" id="Item.aserai_horse" />
      <equipment slot="HorseHarness" id="Item.desert_cloth_harness" />
    </equipmentSet>
    <equipmentSet>
      <equipment slot="Item1" id="Item.eastern_spear_2_t3" />
      <equipment slot="Item0" id="Item.star_falchion_sword_t3" />
      <equipment slot="Head" id="Item.tied_head_wrapping" />
      <equipment slot="Body" id="Item.layered_robe" />
      <equipment slot="Leg" id="Item.strapped_leather_boots" />
      <equipment slot="Cape" id="Item.wrapped_scarf" />
      <equipment slot="Gloves" id="Item.guarded_padded_vambrace" />
      <equipment slot="Horse" id="Item.aserai_horse" />
      <equipment slot="HorseHarness" id="Item.desert_cloth_harness" />
    </equipmentSet>
    <equipmentSet>
      <equipment slot="Item1" id="Item.eastern_spear_2_t3" />
      <equipment slot="Item0" id="Item.star_falchion_sword_t3" />
      <equipment slot="Head" id="Item.turban" />
      <equipment slot="Body" id="Item.layered_robe" />
      <equipment slot="Leg" id="Item.strapped_leather_boots" />
      <equipment slot="Cape" id="Item.wrapped_scarf" />
      <equipment slot="Gloves" id="Item.guarded_padded_vambrace" />
      <equipment slot="Horse" id="Item.aserai_horse" />
      <equipment slot="HorseHarness" id="Item.desert_cloth_harness" />
    </equipmentSet>
    <equipmentSet>
      <equipment slot="Item1" id="Item.eastern_spear_2_t3" />
      <equipment slot="Item0" id="Item.star_falchion_sword_t3" />
      <equipment slot="Head" id="Item.woven_turban" />
      <equipment slot="Body" id="Item.desert_padded_cloth" />
      <equipment slot="Leg" id="Item.strapped_leather_boots" />
      <equipment slot="Cape" id="Item.wrapped_scarf" />
      <equipment slot="Horse" id="Item.aserai_horse" />
      <equipment slot="HorseHarness" id="Item.desert_cloth_harness" />
    </equipmentSet>
    <upgrade_targets>
      <upgrade_target id="NPCCharacter.desert_bandits_chief" />
      <upgrade_target id="NPCCharacter.aserai_mameluke_cavalry" />
    </upgrade_targets>
  </NPCCharacter>
  <NPCCharacter id="desert_bandits_chief" default_group="Cavalry" name="{=cdbSCr6G}Harami" level="21" upgrade_requires="ItemCategory.war_horse" occupation="Bandit" culture="Culture.desert_bandits">
    <face>
      <face_key_template value="NPCCharacter.desert_bandits_bandit" />
    </face>
    <skills>
      <skill id="Athletics" value="100" />
      <skill id="Bow" value="40" />
      <skill id="OneHanded" value="100" />
      <skill id="Polearm" value="120" />
      <skill id="Riding" value="80" />
      <skill id="Throwing" value="100" />
      <skill id="TwoHanded" value="80" />
    </skills>
    <equipmentSet civilian="true">
      <equipment slot="Item0" id="Item.desert_long_sword_t4" />
      <equipment slot="Head" id="Item.trailed_desert_helmet" />
      <equipment slot="Body" id="Item.desert_robe_over_mail" />
      <equipment slot="Leg" id="Item.mail_chausses" />
      <equipment slot="Cape" id="Item.wrapped_scarf" />
      <equipment slot="Horse" id="Item.t2_aserai_horse" />
      <equipment slot="HorseHarness" id="Item.desert_cloth_harness" />
    </equipmentSet>
    <equipmentSet>
      <equipment slot="Item1" id="Item.eastern_spear_4_t4" />
      <equipment slot="Item0" id="Item.desert_long_sword_t4" />
      <equipment slot="Item2" id="Item.eastern_javelin_3_t4" />
      <equipment slot="Item3" id="Item.old_kite_shield" />
      <equipment slot="Head" id="Item.trailed_desert_helmet" />
      <equipment slot="Body" id="Item.desert_robe_over_mail" />
      <equipment slot="Leg" id="Item.mail_chausses" />
      <equipment slot="Cape" id="Item.wrapped_scarf" />
      <equipment slot="Gloves" id="Item.mail_mitten" />
      <equipment slot="Horse" id="Item.t2_aserai_horse" />
      <equipment slot="HorseHarness" id="Item.desert_cloth_harness" />
    </equipmentSet>
    <equipmentSet>
      <equipment slot="Item1" id="Item.eastern_spear_4_t4" />
      <equipment slot="Item0" id="Item.desert_long_sword_t4" />
      <equipment slot="Item2" id="Item.eastern_javelin_3_t4" />
      <equipment slot="Item3" id="Item.old_kite_shield" />
      <equipment slot="Head" id="Item.open_desert_helmet" />
      <equipment slot="Body" id="Item.desert_robe_over_mail" />
      <equipment slot="Leg" id="Item.mail_chausses" />
      <equipment slot="Cape" id="Item.wrapped_scarf" />
      <equipment slot="Gloves" id="Item.mail_mitten" />
      <equipment slot="Horse" id="Item.t2_aserai_horse" />
      <equipment slot="HorseHarness" id="Item.desert_cloth_harness" />
    </equipmentSet>
    <equipmentSet>
      <equipment slot="Item1" id="Item.eastern_spear_4_t4" />
      <equipment slot="Item0" id="Item.desert_long_sword_t4" />
      <equipment slot="Item2" id="Item.eastern_javelin_3_t4" />
      <equipment slot="Item3" id="Item.old_kite_shield" />
      <equipment slot="Head" id="Item.loose_wrapped_desert_helmet" />
      <equipment slot="Body" id="Item.short_padded_robe" />
      <equipment slot="Leg" id="Item.mail_chausses" />
      <equipment slot="Cape" id="Item.wrapped_scarf" />
      <equipment slot="Gloves" id="Item.lordly_mail_mitten" />
      <equipment slot="Horse" id="Item.t2_aserai_horse" />
      <equipment slot="HorseHarness" id="Item.desert_cloth_harness" />
    </equipmentSet>
    <equipmentSet>
      <equipment slot="Item1" id="Item.eastern_spear_4_t4" />
      <equipment slot="Item0" id="Item.desert_long_sword_t4" />
      <equipment slot="Item2" id="Item.eastern_javelin_3_t4" />
      <equipment slot="Item3" id="Item.old_kite_shield" />
      <equipment slot="Head" id="Item.desert_helmet" />
      <equipment slot="Body" id="Item.short_padded_robe" />
      <equipment slot="Leg" id="Item.mail_cavalier_boots" />
      <equipment slot="Gloves" id="Item.lordly_mail_mitten" />
      <equipment slot="Horse" id="Item.t2_aserai_horse" />
      <equipment slot="HorseHarness" id="Item.desert_cloth_harness" />
    </equipmentSet>
    <equipmentSet>
      <equipment slot="Item1" id="Item.eastern_spear_4_t4" />
      <equipment slot="Item0" id="Item.desert_long_sword_t4" />
      <equipment slot="Item2" id="Item.eastern_javelin_3_t4" />
      <equipment slot="Item3" id="Item.old_kite_shield" />
      <equipment slot="Head" id="Item.closed_desert_helmet" />
      <equipment slot="Body" id="Item.stitched_leather_over_mail" />
      <equipment slot="Leg" id="Item.mail_cavalier_boots" />
      <equipment slot="Cape" id="Item.wrapped_scarf" />
      <equipment slot="Gloves" id="Item.reinforced_mail_mitten" />
      <equipment slot="Horse" id="Item.t2_aserai_horse" />
      <equipment slot="HorseHarness" id="Item.desert_cloth_harness" />
    </equipmentSet>
    <equipmentSet>
      <equipment slot="Item1" id="Item.eastern_spear_4_t4" />
      <equipment slot="Item0" id="Item.desert_long_sword_t4" />
      <equipment slot="Item2" id="Item.eastern_javelin_3_t4" />
      <equipment slot="Item3" id="Item.old_kite_shield" />
      <equipment slot="Head" id="Item.desert_helmet_with_mail" />
      <equipment slot="Body" id="Item.desert_scale_armor" />
      <equipment slot="Leg" id="Item.mail_cavalier_boots" />
      <equipment slot="Cape" id="Item.desert_leather_shoulderpad" />
      <equipment slot="Gloves" id="Item.reinforced_mail_mitten" />
      <equipment slot="Horse" id="Item.t2_aserai_horse" />
      <equipment slot="HorseHarness" id="Item.desert_cloth_harness" />
    </equipmentSet>
    <upgrade_targets>
      <upgrade_target id="NPCCharacter.aserai_faris" />
    </upgrade_targets>
  </NPCCharacter>
  <NPCCharacter id="steppe_bandits_bandit" default_group="Cavalry" name="{=ZA4bgJ5V}Steppe Bandit" level="11" occupation="Bandit" culture="Culture.steppe_bandits">
    <face>
      <!--face_key value="0018f55e40000040000006006dc2000000000507788b010000000000000000000000211500000000000000000000000000000000000000000000000000f80000" max_value="001fff7fc03c38d1ffffffffffffff3ffacffffffffffffffffffffff77ffff7000ffffdffffffff000000000000000000000000000000000000000000005141" /-->
      <BodyProperties version="4" age="59.83" weight="0.3348" build="0.5657"  key="0016F40E40000040000006006DC5000000000507788B01007777000070E000000578515707000000000000000000000000000000000000000000000000F00000"  />
      <BodyPropertiesMax version="4" age="62.05" weight="0.4769" build="0.5657"  key="001CFC0FC04438D1FFFFFFFFFFF7FF34FACFFFFFFFFFFFFFFFFFFFFF777FFF0006587F6705FFFF0F000000000000000000000000000000000000000000A05141"  />
    </face>
    <skills>
      <skill id="Athletics" value="20" />
      <skill id="Bow" value="0" />
      <skill id="OneHanded" value="30" />
      <skill id="Polearm" value="40" />
      <skill id="Riding" value="40" />
      <skill id="Throwing" value="20" />
      <skill id="TwoHanded" value="30" />
    </skills>
    <equipmentSet civilian="true">
      <equipment slot="Item0" id="Item.khuzait_mace_1_t2" />
      <equipment slot="Body" id="Item.steppe_armor" />
      <equipment slot="Leg" id="Item.wrapped_shoes" />
    </equipmentSet>
    <equipmentSet>
      <equipment slot="Item0" id="Item.khuzait_mace_1_t2" />
      <equipment slot="Body" id="Item.steppe_armor" />
      <equipment slot="Leg" id="Item.wrapped_shoes" />
      <equipment slot="Horse" id="Item.sumpter_horse" />
      <equipment slot="HorseHarness" id="Item.light_harness" />
    </equipmentSet>
    <equipmentSet>
      <equipment slot="Item1" id="Item.eastern_spear_1_t2" />
      <equipment slot="Item0" id="Item.khuzait_mace_1_t2" />
      <equipment slot="Body" id="Item.bandit_envelope_dress_v1" />
      <equipment slot="Leg" id="Item.wrapped_shoes" />
      <equipment slot="Horse" id="Item.sumpter_horse" />
      <equipment slot="HorseHarness" id="Item.light_harness" />
    </equipmentSet>
    <equipmentSet>
      <equipment slot="Item1" id="Item.eastern_spear_1_t2" />
      <equipment slot="Item0" id="Item.khuzait_mace_1_t2" />
      <equipment slot="Body" id="Item.bandit_gambeson" />
      <equipment slot="Leg" id="Item.strapped_leather_boots" />
      <equipment slot="Horse" id="Item.sumpter_horse" />
      <equipment slot="HorseHarness" id="Item.light_harness" />
    </equipmentSet>
    <upgrade_targets>
      <upgrade_target id="NPCCharacter.steppe_bandits_raider" />
      <upgrade_target id="NPCCharacter.khuzait_raider" />
    </upgrade_targets>
  </NPCCharacter>
  <NPCCharacter id="steppe_bandits_raider" default_group="Cavalry" name="{=Awc23bFS}Marauder" level="16" occupation="Bandit" culture="Culture.steppe_bandits">
    <face>
      <face_key_template value="NPCCharacter.steppe_bandits_bandit" />
    </face>
    <skills>
      <skill id="Athletics" value="40" />
      <skill id="Bow" value="80" />
      <skill id="OneHanded" value="70" />
      <skill id="Polearm" value="80" />
      <skill id="Riding" value="100" />
      <skill id="Throwing" value="40" />
      <skill id="TwoHanded" value="40" />
    </skills>
    <equipmentSet civilian="true">
      <equipment slot="Item1" id="Item.eastern_spear_3_t3" />
      <equipment slot="Item0" id="Item.broad_ild_sword_t3" />
      <equipment slot="Item2" id="Item.steppe_heavy_bow" />
      <equipment slot="Item3" id="Item.default_arrows" />
      <equipment slot="Head" id="Item.nomad_padded_hood" />
      <equipment slot="Body" id="Item.studded_steppe_leather" />
      <equipment slot="Leg" id="Item.strapped_leather_boots" />
      <equipment slot="Horse" id="Item.khuzait_horse" />
      <equipment slot="HorseHarness" id="Item.light_harness" />
    </equipmentSet>
    <equipmentSet>
      <equipment slot="Item1" id="Item.eastern_spear_3_t3" />
      <equipment slot="Item0" id="Item.broad_ild_sword_t3" />
      <equipment slot="Item2" id="Item.steppe_heavy_bow" />
      <equipment slot="Item3" id="Item.default_arrows" />
      <equipment slot="Head" id="Item.nomad_padded_hood" />
      <equipment slot="Body" id="Item.studded_steppe_leather" />
      <equipment slot="Leg" id="Item.strapped_leather_boots" />
      <equipment slot="Horse" id="Item.khuzait_horse" />
      <equipment slot="HorseHarness" id="Item.light_harness" />
    </equipmentSet>
    <equipmentSet>
      <equipment slot="Item1" id="Item.eastern_spear_3_t3" />
      <equipment slot="Item0" id="Item.broad_ild_sword_t3" />
      <equipment slot="Item2" id="Item.steppe_heavy_bow" />
      <equipment slot="Item3" id="Item.default_arrows" />
      <equipment slot="Body" id="Item.studded_steppe_leather" />
      <equipment slot="Leg" id="Item.strapped_leather_boots" />
      <equipment slot="Horse" id="Item.khuzait_horse" />
      <equipment slot="HorseHarness" id="Item.light_harness" />
    </equipmentSet>
    <equipmentSet>
      <equipment slot="Item1" id="Item.eastern_spear_3_t3" />
      <equipment slot="Item0" id="Item.broad_ild_sword_t3" />
      <equipment slot="Item2" id="Item.steppe_heavy_bow" />
      <equipment slot="Item3" id="Item.default_arrows" />
      <equipment slot="Head" id="Item.fur_hat" />
      <equipment slot="Body" id="Item.khuzait_leather_stitched" />
      <equipment slot="Leg" id="Item.strapped_leather_boots" />
      <equipment slot="Horse" id="Item.khuzait_horse" />
      <equipment slot="HorseHarness" id="Item.light_harness" />
    </equipmentSet>
    <equipmentSet>
      <equipment slot="Item1" id="Item.eastern_spear_3_t3" />
      <equipment slot="Item0" id="Item.broad_ild_sword_t3" />
      <equipment slot="Item2" id="Item.steppe_heavy_bow" />
      <equipment slot="Item3" id="Item.default_arrows" />
      <equipment slot="Head" id="Item.upturned_fur_cap" />
      <equipment slot="Body" id="Item.eastern_stitched_leather_coat" />
      <equipment slot="Leg" id="Item.wrapped_shoes" />
      <equipment slot="Horse" id="Item.khuzait_horse" />
      <equipment slot="HorseHarness" id="Item.light_harness" />
    </equipmentSet>
    <equipmentSet>
      <equipment slot="Item1" id="Item.eastern_spear_3_t3" />
      <equipment slot="Item0" id="Item.broad_ild_sword_t3" />
      <equipment slot="Item2" id="Item.steppe_heavy_bow" />
      <equipment slot="Item3" id="Item.default_arrows" />
      <equipment slot="Head" id="Item.fur_hat" />
      <equipment slot="Body" id="Item.eastern_stitched_leather_coat" />
      <equipment slot="Leg" id="Item.wrapped_shoes" />
      <equipment slot="Horse" id="Item.khuzait_horse" />
      <equipment slot="HorseHarness" id="Item.light_harness" />
    </equipmentSet>
    <equipmentSet>
      <equipment slot="Item1" id="Item.eastern_spear_3_t3" />
      <equipment slot="Item0" id="Item.broad_ild_sword_t3" />
      <equipment slot="Item2" id="Item.tribal_bow" />
      <equipment slot="Item3" id="Item.default_arrows" />
      <equipment slot="Head" id="Item.fur_hat" />
      <equipment slot="Body" id="Item.khuzait_leather_stitched" />
      <equipment slot="Leg" id="Item.wrapped_shoes" />
      <equipment slot="Horse" id="Item.khuzait_horse" />
      <equipment slot="HorseHarness" id="Item.light_harness" />
    </equipmentSet>
    <upgrade_targets>
      <upgrade_target id="NPCCharacter.steppe_bandits_chief" />
      <upgrade_target id="NPCCharacter.khuzait_lancer" />
    </upgrade_targets>
  </NPCCharacter>
  <NPCCharacter id="steppe_bandits_chief" default_group="Cavalry" name="{=cbnvgVhH}Raider" upgrade_requires="ItemCategory.war_horse" level="21" occupation="Bandit" culture="Culture.steppe_bandits">
    <face>
      <face_key_template value="NPCCharacter.steppe_bandits_bandit" />
    </face>
    <skills>
      <skill id="Athletics" value="60" />
      <skill id="Bow" value="100" />
      <skill id="OneHanded" value="110" />
      <skill id="Polearm" value="100" />
      <skill id="Riding" value="100" />
      <skill id="Throwing" value="60" />
      <skill id="TwoHanded" value="50" />
    </skills>
    <equipmentSet civilian="true">
      <equipment slot="Item1" id="Item.eastern_spear_4_t4" />
      <equipment slot="Item0" id="Item.ridged_sabre_sword_t4" />
      <equipment slot="Item2" id="Item.composite_steppe_bow" />
      <equipment slot="Item3" id="Item.default_arrows" />
      <equipment slot="Head" id="Item.plumed_nomad_helmet" />
      <equipment slot="Body" id="Item.eastern_stitched_leather_coat" />
      <equipment slot="Leg" id="Item.eastern_leather_boots" />
      <equipment slot="Cape" id="Item.eastern_studded_shoulders" />
      <equipment slot="Gloves" id="Item.guarded_padded_vambrace" />
      <equipment slot="Horse" id="Item.t2_khuzait_horse" />
      <equipment slot="HorseHarness" id="Item.steppe_harness" />
    </equipmentSet>
    <equipmentSet>
      <equipment slot="Item1" id="Item.eastern_spear_4_t4" />
      <equipment slot="Item0" id="Item.ridged_sabre_sword_t4" />
      <equipment slot="Item2" id="Item.composite_steppe_bow" />
      <equipment slot="Item3" id="Item.default_arrows" />
      <equipment slot="Head" id="Item.plumed_nomad_helmet" />
      <equipment slot="Body" id="Item.eastern_stitched_leather_coat" />
      <equipment slot="Leg" id="Item.eastern_leather_boots" />
      <equipment slot="Cape" id="Item.eastern_studded_shoulders" />
      <equipment slot="Gloves" id="Item.guarded_padded_vambrace" />
      <equipment slot="Horse" id="Item.t2_khuzait_horse" />
      <equipment slot="HorseHarness" id="Item.steppe_harness" />
    </equipmentSet>
    <equipmentSet>
      <equipment slot="Item1" id="Item.eastern_spear_4_t4" />
      <equipment slot="Item0" id="Item.ridged_sabre_sword_t4" />
      <equipment slot="Item2" id="Item.composite_steppe_bow" />
      <equipment slot="Item3" id="Item.default_arrows" />
      <equipment slot="Head" id="Item.plumed_fur_lined_helmet" />
      <equipment slot="Body" id="Item.eastern_stitched_leather_coat" />
      <equipment slot="Leg" id="Item.eastern_leather_boots" />
      <equipment slot="Cape" id="Item.eastern_studded_shoulders" />
      <equipment slot="Gloves" id="Item.guarded_padded_vambrace" />
      <equipment slot="Horse" id="Item.t2_khuzait_horse" />
      <equipment slot="HorseHarness" id="Item.steppe_harness" />
    </equipmentSet>
    <equipmentSet>
      <equipment slot="Item1" id="Item.eastern_spear_4_t4" />
      <equipment slot="Item0" id="Item.ridged_sabre_sword_t4" />
      <equipment slot="Item2" id="Item.composite_steppe_bow" />
      <equipment slot="Item3" id="Item.default_arrows" />
      <equipment slot="Head" id="Item.plumed_fur_lined_helmet" />
      <equipment slot="Body" id="Item.khuzait_leather_stitched" />
      <equipment slot="Leg" id="Item.eastern_leather_boots" />
      <equipment slot="Cape" id="Item.eastern_studded_shoulders" />
      <equipment slot="Gloves" id="Item.guarded_padded_vambrace" />
      <equipment slot="Horse" id="Item.t2_khuzait_horse" />
      <equipment slot="HorseHarness" id="Item.steppe_harness" />
    </equipmentSet>
    <equipmentSet>
      <equipment slot="Item1" id="Item.eastern_spear_4_t4" />
      <equipment slot="Item0" id="Item.ridged_sabre_sword_t4" />
      <equipment slot="Item2" id="Item.composite_steppe_bow" />
      <equipment slot="Item3" id="Item.default_arrows" />
      <equipment slot="Head" id="Item.nomad_helmet" />
      <equipment slot="Body" id="Item.khuzait_leather_stitched" />
      <equipment slot="Leg" id="Item.khuzait_curved_boots" />
      <equipment slot="Gloves" id="Item.guarded_padded_vambrace" />
      <equipment slot="Horse" id="Item.t2_khuzait_horse" />
      <equipment slot="HorseHarness" id="Item.steppe_half_barding" />
    </equipmentSet>
    <equipmentSet>
      <equipment slot="Item1" id="Item.eastern_spear_4_t4" />
      <equipment slot="Item0" id="Item.pointed_falchion_sword_t4" />
      <equipment slot="Item2" id="Item.composite_steppe_bow" />
      <equipment slot="Item3" id="Item.default_arrows" />
      <equipment slot="Head" id="Item.nomad_helmet" />
      <equipment slot="Body" id="Item.belted_leather_cuirass" />
      <equipment slot="Leg" id="Item.khuzait_curved_boots" />
      <equipment slot="Cape" id="Item.eastern_studded_shoulders" />
      <equipment slot="Gloves" id="Item.guarded_padded_vambrace" />
      <equipment slot="Horse" id="Item.t2_khuzait_horse" />
      <equipment slot="HorseHarness" id="Item.steppe_half_barding" />
    </equipmentSet>
    <equipmentSet>
      <equipment slot="Item1" id="Item.eastern_spear_4_t4" />
      <equipment slot="Item0" id="Item.ridged_sabre_sword_t4" />
      <equipment slot="Item2" id="Item.composite_steppe_bow" />
      <equipment slot="Item3" id="Item.default_arrows" />
      <equipment slot="Head" id="Item.plumed_fur_lined_helmet" />
      <equipment slot="Body" id="Item.belted_leather_cuirass" />
      <equipment slot="Leg" id="Item.khuzait_curved_boots" />
      <equipment slot="Gloves" id="Item.guarded_padded_vambrace" />
      <equipment slot="Horse" id="Item.t2_khuzait_horse" />
      <equipment slot="HorseHarness" id="Item.steppe_half_barding" />
    </equipmentSet>
    <upgrade_targets>
      <upgrade_target id="NPCCharacter.khuzait_kheshig" />
    </upgrade_targets>
  </NPCCharacter>
  <!--Boss character start-->
  <NPCCharacter id="sea_raiders_boss" default_group="Infantry" name="{=C1Fkzdvu}Sea Raider Boss" level="26" occupation="Bandit" culture="Culture.sea_raiders">
    <face>
      <face_key_template value="NPCCharacter.sea_raiders_bandit" />
    </face>
    <skills>
      <skill id="Athletics" value="160" />
      <skill id="Bow" value="80" />
      <skill id="OneHanded" value="160" />
      <skill id="Polearm" value="80" />
      <skill id="Riding" value="0" />
      <skill id="Throwing" value="120" />
      <skill id="TwoHanded" value="80" />
    </skills>
    <equipmentSet civilian="true">
      <equipment slot="Item0" id="Item.sturgia_axe_4_t4" />
      <equipment slot="Item2" id="Item.northern_round_shield" />
      <equipment slot="Body" id="Item.bandit_envelope_dress_v1" />
      <equipment slot="Leg" id="Item.wrapped_shoes" />
    </equipmentSet>
    <equipmentSet>
      <equipment slot="Item0" id="Item.sturgia_2haxe_1_t4" />
      <equipment slot="Item1" id="Item.highland_throwing_axe_1_t2" />
      <equipment slot="Item2" id="Item.northern_round_shield" />
      <equipment slot="Head" id="Item.northern_goggled_helmet" />
      <equipment slot="Cape" id="Item.scarf" />
      <equipment slot="Body" id="Item.decorated_nordic_hauberk" />
      <equipment slot="Leg" id="Item.mail_chausses" />
      <equipment slot="Gloves" id="Item.mail_mitten" />
    </equipmentSet>
    <upgrade_targets></upgrade_targets>
  </NPCCharacter>
  <NPCCharacter id="mountain_bandits_boss" default_group="Cavalry" name="{=ziOBJSzR}Mountain Bandit Boss" level="26" upgrade_requires="ItemCategory.war_horse" occupation="Bandit" culture="Culture.mountain_bandits">
    <face>
      <face_key_template value="NPCCharacter.mountain_bandits_bandit" />
    </face>
    <skills>
      <skill id="Athletics" value="120" />
      <skill id="Bow" value="80" />
      <skill id="OneHanded" value="80" />
      <skill id="Polearm" value="140" />
      <skill id="Riding" value="40" />
      <skill id="Throwing" value="140" />
      <skill id="TwoHanded" value="120" />
    </skills>
    <equipmentSet civilian="true">
      <equipment slot="Item0" id="Item.battania_sword_4_t4" />
      <equipment slot="Body" id="Item.bandit_envelope_dress_v1" />
      <equipment slot="Leg" id="Item.wrapped_shoes" />
    </equipmentSet>
    <equipmentSet>
      <equipment slot="Item0" id="Item.battania_sword_4_t4" />
      <equipment slot="Item1" id="Item.battered_kite_shield" />
      <equipment slot="Head" id="Item.leather_studdedhelm_over_thinhide" />
      <equipment slot="Body" id="Item.banded_leather_over_mail" />
      <equipment slot="Leg" id="Item.rough_tied_boots" />
      <equipment slot="Gloves" id="Item.reinforced_padded_mitten" />
      <equipment slot="Cape" id="Item.battania_shoulder_furr" />
    </equipmentSet>
    <upgrade_targets></upgrade_targets>
  </NPCCharacter>
  <NPCCharacter id="forest_bandits_boss" default_group="Ranged" name="{=dc2qxanZ}Forest Bandit Boss" level="26" occupation="Bandit" culture="Culture.forest_bandits">
    <face>
      <face_key_template value="NPCCharacter.forest_bandits_bandit" />
    </face>
    <skills>
      <skill id="Athletics" value="120" />
      <skill id="Bow" value="160" />
      <skill id="OneHanded" value="120" />
      <skill id="Polearm" value="80" />
      <skill id="Riding" value="0" />
      <skill id="Throwing" value="80" />
      <skill id="TwoHanded" value="160" />
    </skills>
    <equipmentSet civilian="true">
      <equipment slot="Item0" id="Item.battania_axe_2_t4" />
      <equipment slot="Body" id="Item.bandit_envelope_dress_v1" />
      <equipment slot="Leg" id="Item.wrapped_shoes" />
    </equipmentSet>
    <equipmentSet>
      <equipment slot="Item0" id="Item.battania_axe_2_t4" />
      <equipment slot="Item1" id="Item.stronger_reinforced_kite_shield" />
      <equipment slot="Body" id="Item.battania_woodland_chainmail" />
      <equipment slot="Leg" id="Item.mail_chausses" />
      <equipment slot="Gloves" id="Item.buttoned_leather_bracers" />
      <equipment slot="Head" id="Item.imperial_mail_coif" />
      <equipment slot="Cape" id="Item.battania_cloak_furr" />
    </equipmentSet>
    <upgrade_targets></upgrade_targets>
  </NPCCharacter>
  <NPCCharacter id="desert_bandits_boss" default_group="Cavalry" name="{=Q2V4uQrr}Desert Bandit Boss" level="26" upgrade_requires="ItemCategory.war_horse" occupation="Bandit" culture="Culture.desert_bandits">
    <face>
      <face_key_template value="NPCCharacter.desert_bandits_bandit" />
    </face>
    <skills>
      <skill id="Athletics" value="80" />
      <skill id="Bow" value="160" />
      <skill id="OneHanded" value="120" />
      <skill id="Polearm" value="160" />
      <skill id="Riding" value="120" />
      <skill id="Throwing" value="0" />
      <skill id="TwoHanded" value="80" />
    </skills>
    <equipmentSet civilian="true">
      <equipment slot="Item0" id="Item.aserai_mace_4_t4" />
      <equipment slot="Body" id="Item.bandit_envelope_dress_v1" />
      <equipment slot="Leg" id="Item.wrapped_shoes" />
    </equipmentSet>
    <equipmentSet>
      <equipment slot="Item0" id="Item.bastard_sword_t2" />
      <equipment slot="Item1" id="Item.oval_shield" />
      <equipment slot="Head" id="Item.open_desert_helmet" />
      <equipment slot="Body" id="desert_robe_over_mail" />
      <equipment slot="Leg" id="Item.mail_chausses" />
      <equipment slot="Cape" id="Item.scarf" />
      <equipment slot="Gloves" id="Item.mail_mitten" />
    </equipmentSet>
    <upgrade_targets></upgrade_targets>
  </NPCCharacter>
  <NPCCharacter id="steppe_bandits_boss" default_group="Cavalry" name="{=Bg63YFnh}Steppe Bandit Boss" upgrade_requires="ItemCategory.war_horse" level="26" occupation="Bandit" culture="Culture.steppe_bandits">
    <face>
      <face_key_template value="NPCCharacter.steppe_bandits_bandit" />
    </face>
    <skills>
      <skill id="Athletics" value="80" />
      <skill id="Bow" value="0" />
      <skill id="OneHanded" value="120" />
      <skill id="Polearm" value="160" />
      <skill id="Riding" value="160" />
      <skill id="Throwing" value="120" />
      <skill id="TwoHanded" value="80" />
    </skills>
    <equipmentSet civilian="true">
      <equipment slot="Item0" id="Item.khuzait_mace_3_t4" />
      <equipment slot="Body" id="Item.bandit_envelope_dress_v1" />
      <equipment slot="Leg" id="Item.wrapped_shoes" />
    </equipmentSet>
    <equipmentSet>
      <equipment slot="Item0" id="Item.khuzait_polearm_1_t4" />
      <equipment slot="Item1" id="Item.composite_steppe_bow" />
      <equipment slot="Item2" id="Item.default_arrows" />
      <equipment slot="Item3" id="Item.default_arrows" />
      <equipment slot="Head" id="Item.plumed_nomad_helmet" />
      <equipment slot="Body" id="Item.eastern_stitched_leather_coat" />
      <equipment slot="Leg" id="Item.eastern_leather_boots" />
      <equipment slot="Gloves" id="Item.guarded_padded_vambrace" />
      <equipment slot="Horse" id="Item.t2_khuzait_horse" />
      <equipment slot="HorseHarness" id="Item.light_harness" />
    </equipmentSet>
    <upgrade_targets></upgrade_targets>
  </NPCCharacter>
  <!--Boss character end-->
</NPCCharacters>