﻿<?xml version="1.0" encoding="utf-8"?>
<NPCCharacters>
  <NPCCharacter id="caravan_leader_playerland" default_group="Infantry" is_hero="false" is_mercenary="true" civilianTemplate="NPCCharacter.npc_armed_wanderer_equipment_template_aserai" culture="Culture.aserai" occupation="Merchant" name="{=7bjyJDaK}Player Faction Mercenaries Leader">
    <face>
      <!--face_key value="001f5c0e163c2084a565863785b565d76571a84835e946568296a768a5a44ba5000d5880679593a6000000000000000000000000000000000000000000002000"/-->
      <BodyProperties version="4" age="57.06" weight="0.2029" build="0.5108"  key="001C5C0E56442084A565863785B665D76571A84835E946568296A768A5E44B0105A838570A959306000000000000000000000000000000000000000001482000"  />
    </face>
    <skills></skills>
    <equipmentSet>
      <equipment slot="Item0" id="Item.short_sword_t3" />
    </equipmentSet>
    <equipment slot="Body" id="Item.fur_armor_with_strap" />
    <equipment slot="Leg" id="Item.strapped_leather_boots" />
  </NPCCharacter>
  <NPCCharacter id="caravan_leader_empire" default_group="Infantry" is_hero="false" is_mercenary="true" civilianTemplate="NPCCharacter.npc_armed_wanderer_equipment_template_empire" culture="Culture.empire" occupation="Merchant" name="{=jHVTqyI4}Empire Mercenaries Leader">
    <face>
      <!--face_key value="00199006407c0042d997495b98562c359578cc9a48c3b5735db5ac617aacdd7e000a6960b3489eb5000000000000000000000000000000000000000000009000"/-->
      <BodyProperties version="4" age="45.96" weight="0.0448" build="0.554"  key="0016900E407002CDD997495B98572C359578CC9A48C3B5735DB5AC617AACDD100398193509489E05000000000000000000000000000000000000000001389000"  />
    </face>
    <skills></skills>
    <equipmentSet>
      <equipment slot="Item0" id="Item.light_mace_t3" />
    </equipmentSet>
    <equipment slot="Body" id="Item.fur_armor_with_strap" />
    <equipment slot="Leg" id="Item.strapped_leather_boots" />
  </NPCCharacter>
  <NPCCharacter id="caravan_leader_sturgia" default_group="Infantry" is_hero="false" is_mercenary="true" civilianTemplate="NPCCharacter.npc_armed_wanderer_equipment_template_sturgia" culture="Culture.sturgia" occupation="Merchant" name="{=EsJ3Drv7}Sturgia Mercenaries Leader">
    <face>
      <!--face_key value="00064c0c903c128d3378764a99782952967a8467a7a87bd7d7496cb5b3775ca50006833095b39736000000000000000000000000000000000000000000006000"/-->
      <BodyProperties version="4" age="43.18" weight="0.4591" build="0.7824"  key="00054C0CD044128D3378764A99772952967A8467A7A87BD7D7496CB573F75C1003AC73350AB39716000000000000000000000000000000000000000001406000"  />
    </face>
    <skills></skills>
    <equipmentSet>
      <equipment slot="Item0" id="Item.narrow_sword_t3" />
    </equipmentSet>
    <equipment slot="Body" id="Item.fur_armor_with_strap" />
    <equipment slot="Leg" id="Item.strapped_leather_boots" />
  </NPCCharacter>
  <NPCCharacter id="caravan_leader_aserai" default_group="Infantry" is_hero="false" is_mercenary="true" civilianTemplate="NPCCharacter.npc_armed_wanderer_equipment_template_aserai" culture="Culture.aserai" occupation="Merchant" name="{=GIRpmax8}Aserai Mercenaries Leader">
    <face>
      <!--face_key value="0006b4031300008e3d8874e9b67b8298a6438a88791ba5b76335663b665246640006b2b0ab75c8b4000000000000000000000000000000000000000000000000"/-->
      <BodyProperties version="4" age="57.06" weight="0.0417" build="0.6898"  key="002DB40E530000003D8874E9B6768298A6438A88791BA5B76335663B6652466405AA12570A75C8B4000000000000000000000000000000000000000001481000"  />
    </face>
    <skills></skills>
    <equipmentSet>
      <!--<equipment slot="Item0" id="Item.aserai_noble_sword_2_t5" />-->
      <equipment slot="Item0" id="Item.aserai_noble_sword_2_t5" />
    </equipmentSet>
    <equipment slot="Body" id="Item.fur_armor_with_strap" />
    <equipment slot="Leg" id="Item.strapped_leather_boots" />
  </NPCCharacter>
  <NPCCharacter id="caravan_leader_vlandia" default_group="Infantry" is_hero="false" is_mercenary="true" civilianTemplate="NPCCharacter.npc_armed_wanderer_equipment_template_vlandia" culture="Culture.vlandia" occupation="Merchant" name="{=XhbgteUK}Vlandia Mercenaries Leader">
    <face>
      <!--face_key value="000601d180045388ffdff0104fc786977770fff8dfc070f568a678490000000f00077007085e8955000000000000000000000000000000000000000000000183"/-->
      <BodyProperties version="4" age="55.39" weight="0.3881" build="0.3792"  key="00050002C00051C1FFDFF0104FC686977770FFF8DFC070F568A6784970F0000005466056045E8905000000000000000000000000000000000000000000780183"  />
    </face>
    <skills></skills>
    <equipmentSet>
      <equipment slot="Item0" id="Item.vlandia_sword_2_t3" />
    </equipmentSet>
    <equipment slot="Body" id="Item.fur_armor_with_strap" />
    <equipment slot="Leg" id="Item.strapped_leather_boots" />
  </NPCCharacter>
  <NPCCharacter id="caravan_leader_battania" default_group="Infantry" is_hero="false" is_mercenary="true" civilianTemplate="NPCCharacter.npc_armed_wanderer_equipment_template_battania" culture="Culture.battania" occupation="Merchant" name="{=y6E1CTsv}Battania Mercenaries Leader">
    <face>
      <!--face_key value="001f580fd1bc210977967aaaa2d96699b387355cc7685573786c9c99823d37d3000c9e60e2673ab5000000000000000000000000000000000000000000004000"/-->
      <BodyProperties version="4" age="64.27" weight="0" build="0.3627"  key="0005580711B423C377967AAAA2D86699B387355CC7685573786C9C9982FD370006B50E680B673A05000000000000000000000000000000000000000001784000"  />
    </face>
    <skills></skills>
    <equipmentSet>
      <equipment slot="Item0" id="Item.vlandia_mace_1_t2" />
    </equipmentSet>
    <equipment slot="Body" id="Item.fur_armor_with_strap" />
    <equipment slot="Leg" id="Item.strapped_leather_boots" />
  </NPCCharacter>
  <NPCCharacter id="caravan_leader_khuzait" default_group="Infantry" is_hero="false" is_mercenary="true" civilianTemplate="NPCCharacter.npc_armed_wanderer_equipment_template_khuzait" culture="Culture.khuzait" occupation="Merchant" name="{=VPis3atP}Khuzait Mercenaries Leader">
    <face>
      <!--face_key value="0006540fc00431081ec8dac86a66b8799486388b8575bc635b788694c6445ba2000365d06cc76c25000000000000000000000000000000000000000000004000"/-->
      <BodyProperties version="4" age="63.72" weight="0.0355" build="0.2515"  key="0016B00FC000300A92C8DAC86A67B87994863B67F44BE5985B788694C6F45B100694156709C76C05000000000000000000000000000000000000000001380000"  />
    </face>
    <skills></skills>
    <equipmentSet>
      <equipment slot="Item0" id="Item.eastern_spear_4_t4" />
    </equipmentSet>
    <equipment slot="Body" id="Item.fur_armor_with_strap" />
    <equipment slot="Leg" id="Item.strapped_leather_boots" />
  </NPCCharacter>
  <NPCCharacter id="caravan_leader_world" default_group="Infantry" is_hero="false" is_mercenary="true" civilianTemplate="NPCCharacter.npc_armed_wanderer_equipment_template_empire" culture="Culture.empire" occupation="Merchant" name="{=ugbfHGZ3}World Mercenaries Leader">
    <face>
      <!--face_key value="0012240e133c00cd79a78e5ba956bb57488d9a4b96889867bb4e8a955ab5a46500026b60a7856a7b000000000000000000000000000000000000000000002000" /-->
      <BodyProperties version="4" age="58.72" weight="0.4991" build="0.4991"  key="0011240E534400CD79A78E5BA957BB57488D9A4B96889867BB4E8A955AF5A41005A77B570A856A1B000000000000000000000000000000000000000001502000"  />
    </face>
    <skills></skills>
    <equipmentSet>
      <equipment slot="Item0" id="Item.short_sword_t3" />
    </equipmentSet>
    <equipment slot="Body" id="Item.fur_armor_with_strap" />
    <equipment slot="Leg" id="Item.strapped_leather_boots" />
  </NPCCharacter>
</NPCCharacters>