﻿<?xml version="1.0" encoding="utf-8"?>
<NPCCharacters>
  <!--#region Townsfolk Template-->
  <NPCCharacter id="guard"
                default_group="Infantry"
                formation_position_preference="Front"
                level="11"
                name="{=1sJcKkVP}Guard"
                occupation="Townsfolk"
                culture="Culture.empire"
                skill_template="NPCCharacter.infantry_heavyinfantry_level11_template_skills">
    <face>
      <!--face_key value="00000000000000000001001000000000000000000000000000000000000000000000007000000000000000000000000000000000000000000000000000000000" max_value="0038ffffda7015ceff7fffffffffffffefef8efffffffefffffeffff7effefef000ff09f08efffff000000000000000000000000000000000000000000004080" /-->
      <BodyProperties version="4" age="34.86" weight="0.2771" build="0.8187"  key="0000000000000000000100100004000000000000000000008887000070F0000002AC40240A000000000000000000000000000000000000000000000001400000"  />
      <BodyPropertiesMax version="4" age="76.48" weight="0.5168" build="0.8187"  key="0039FC0FDA7015CEFF7FFFFFFFF8FFF5EFEF8EFFFFFFFEFFFFFEFFFF7EFFEF10088C808908EFFF0F000000000000000000000000000000000000000000F84080"  />
    </face>
    <skills>
      <!--<skill id="Athletics" value="50" /> #OLD_SKILL# -->
      <skill id="OneHanded"
             value="50" />
      <skill id="TwoHanded"
             value="50" />
      <skill id="Polearm"
             value="50" />
      <skill id="Crossbow"
             value="50" />
      <skill id="Bow"
             value="50" />
      <skill id="Throwing"
             value="50" />
    </skills>
    <equipmentSet civilian="true">
      <equipment slot="Item0"
                 id="Item.tzkurion_axe_t3" />
      <equipment slot="Item1"
                 id="Item.strapped_round_shield" />
      <equipment slot="Item2"
                 id="Item.triangluar_spear_t3" />
      <equipment slot="Body"
                 id="Item.empire_warrior_padded_armor_e" />
      <equipment slot="Leg"
                 id="Item.strapped_leather_boots" />
      <equipment slot="Gloves"
                 id="Item.reinforced_padded_mitten" />
    </equipmentSet>
    <equipmentSet>
      <equipment slot="Item0"
                 id="Item.tzkurion_axe_t3" />
      <equipment slot="Item1"
                 id="Item.strapped_round_shield" />
      <equipment slot="Item2"
                 id="Item.triangluar_spear_t3" />
      <equipment slot="Body"
                 id="Item.empire_warrior_padded_armor_e" />
      <equipment slot="Leg"
                 id="Item.strapped_leather_boots" />
      <equipment slot="Gloves"
                 id="Item.reinforced_padded_mitten" />
    </equipmentSet>
    <upgrade_targets></upgrade_targets>
  </NPCCharacter>
  <!--#endregion-->
  <!-- #region Villagers -->
  <NPCCharacter id="villager_khuzait"
                default_group="Infantry"
                level="1"
                name="{=LFUaO6rG}Khuzait Peasant"
                occupation="Villager"
                culture="Culture.khuzait"
                skill_template="NPCCharacter.infantry_heavyinfantry_level1_template_skills">
    <face>
      <!--face_key value="0018f56e40000001000006006dc2000000000507788b01000000000000000000000a21150000000000000000000000000000000000000000fffffffffc680000" max_value="001cff7fc03c3914ffffffffffffff3ffacffffffffffffffffffffff77ffff7000ffffdffffffff000000000000000000000000000000000000000001388141" /-->
      <BodyProperties version="4" age="22" weight="0" build="0.2"  key="0016F40E40000001000006006DC3000000000507788B010098780000708000000000011306000000000000000000000000000000000016770000000000C00000"  />
      <BodyPropertiesMax version="4" age="60" weight="0" build="0.5139"  key="001CFC0FC0443914FFFFFFFFFFF5FF35FA9FFFFFFFFFFFFFFFFFFFFF77FFFF0055544F89FAFFFF1F66550003550006AA0000000000008A800000000001488141"  />
	  </face>
    <skills></skills>
    <equipmentSet civilian="true">
      <equipment slot="Body"
                 id="Item.khuzait_civil_coat_b" />
      <equipment slot="Cape"
                 id="Item.scarf" />
      <equipment slot="Leg"
                 id="Item.leather_shoes" />
    </equipmentSet>
    <equipmentSet civilian="true">
      <equipment slot="Body"
                 id="Item.khuzait_civil_coat" />
      <equipment slot="Leg"
                 id="Item.leather_shoes" />
    </equipmentSet>
    <equipmentSet civilian="true">
      <equipment slot="Body"
                 id="Item.steppe_robe" />
      <equipment slot="Leg"
                 id="Item.strapped_leather_boots" />
    </equipmentSet>
    <equipmentSet civilian="true">
      <equipment slot="Body"
                 id="Item.steppe_armor" />
      <equipment slot="Leg"
                 id="Item.strapped_leather_boots" />
    </equipmentSet>
    <equipmentSet civilian="true">
      <equipment slot="Body"
                 id="Item.khuzait_belt_leather" />
      <equipment slot="Leg"
                 id="Item.khuzait_curved_boots" />
    </equipmentSet>
    <equipmentSet civilian="true">
      <equipment slot="Body"
                 id="Item.khuzait_civil_coat_b" />
      <equipment slot="Leg"
                 id="Item.leather_shoes" />
      <equipment slot="Head"
                 id="Item.fur_hood" />
    </equipmentSet>
    <equipmentSet civilian="true">
      <equipment slot="Body"
                 id="Item.khuzait_civil_coat" />
      <equipment slot="Leg"
                 id="Item.leather_shoes" />
      <equipment slot="Head"
                 id="Item.fur_hat" />
    </equipmentSet>
    <equipmentSet civilian="true">
      <equipment slot="Body"
                 id="Item.steppe_robe" />
      <equipment slot="Leg"
                 id="Item.strapped_leather_boots" />
      <equipment slot="Head"
                 id="Item.fur_hat" />
    </equipmentSet>
    <equipmentSet civilian="true">
      <equipment slot="Body"
                 id="Item.steppe_armor" />
      <equipment slot="Leg"
                 id="Item.strapped_leather_boots" />
      <equipment slot="Head"
                 id="Item.nomad_padded_hood" />
    </equipmentSet>
    <equipmentSet civilian="true">
      <equipment slot="Body"
                 id="Item.khuzait_belt_leather" />
      <equipment slot="Leg"
                 id="Item.khuzait_curved_boots" />
      <equipment slot="Head"
                 id="Item.fur_hood" />
    </equipmentSet>
    <equipmentSet civilian="true">
      <equipment slot="Item0"
                 id="Item.peasant_sickle_1_t1" />
      <equipment slot="Body"
                 id="Item.khuzait_civil_coat_b" />
      <equipment slot="Leg"
                 id="Item.leather_shoes" />
      <equipment slot="Head"
                 id="Item.peaked_fur_hood" />
    </equipmentSet>
    <equipmentSet civilian="true">
      <equipment slot="Body"
                 id="Item.khuzait_civil_coat" />
      <equipment slot="Leg"
                 id="Item.leather_shoes" />
      <equipment slot="Head"
                 id="Item.fur_hood" />
    </equipmentSet>
    <equipmentSet civilian="true">
      <equipment slot="Body"
                 id="Item.khuzait_civil_coat" />
      <equipment slot="Leg"
                 id="Item.leather_shoes" />
      <equipment slot="Cape"
                 id="Item.scarf" />
    </equipmentSet>
    <equipmentSet civilian="true">
      <equipment slot="Body"
                 id="Item.steppe_robe" />
      <equipment slot="Cape"
                 id="Item.scarf" />
      <equipment slot="Leg"
                 id="Item.strapped_leather_boots" />
    </equipmentSet>
    <equipmentSet civilian="true">
      <equipment slot="Body"
                 id="Item.steppe_armor" />
      <equipment slot="Cape"
                 id="Item.scarf" />
      <equipment slot="Leg"
                 id="Item.strapped_leather_boots" />
    </equipmentSet>
    <equipmentSet civilian="true">
      <equipment slot="Body"
                 id="Item.khuzait_belt_leather" />
      <equipment slot="Leg"
                 id="Item.khuzait_curved_boots" />
      <equipment slot="Cape"
                 id="Item.scarf" />
    </equipmentSet>
    <equipmentSet civilian="true">
      <equipment slot="Body"
                 id="Item.khuzait_civil_coat_b" />
      <equipment slot="Leg"
                 id="Item.leather_shoes" />
      <equipment slot="Head"
                 id="Item.fur_hood" />
      <equipment slot="Cape"
                 id="Item.scarf" />
    </equipmentSet>
    <equipmentSet civilian="true">
      <equipment slot="Body"
                 id="Item.khuzait_civil_coat" />
      <equipment slot="Leg"
                 id="Item.leather_shoes" />
      <equipment slot="Head"
                 id="Item.fur_hat" />
      <equipment slot="Cape"
                 id="Item.scarf" />
    </equipmentSet>
    <equipmentSet civilian="true">
      <equipment slot="Body"
                 id="Item.steppe_robe" />
      <equipment slot="Leg"
                 id="Item.strapped_leather_boots" />
      <equipment slot="Cape"
                 id="Item.scarf" />
      <equipment slot="Head"
                 id="Item.fur_hat" />
    </equipmentSet>
    <equipmentSet civilian="true">
      <equipment slot="Body"
                 id="Item.steppe_armor" />
      <equipment slot="Leg"
                 id="Item.strapped_leather_boots" />
      <equipment slot="Cape"
                 id="Item.scarf" />
      <equipment slot="Head"
                 id="Item.nomad_padded_hood" />
    </equipmentSet>
    <equipmentSet civilian="true">
      <equipment slot="Body"
                 id="Item.khuzait_belt_leather" />
      <equipment slot="Leg"
                 id="Item.khuzait_curved_boots" />
      <equipment slot="Cape"
                 id="Item.scarf" />
      <equipment slot="Head"
                 id="Item.fur_hood" />
    </equipmentSet>
    <equipmentSet civilian="true">
      <equipment slot="Item0"
                 id="Item.peasant_sickle_1_t1" />
      <equipment slot="Body"
                 id="Item.khuzait_civil_coat_b" />
      <equipment slot="Cape"
                 id="Item.scarf" />
      <equipment slot="Leg"
                 id="Item.leather_shoes" />
      <equipment slot="Head"
                 id="Item.peaked_fur_hood" />
    </equipmentSet>
    <equipmentSet civilian="true">
      <equipment slot="Body"
                 id="Item.khuzait_civil_coat" />
      <equipment slot="Cape"
                 id="Item.scarf" />
      <equipment slot="Leg"
                 id="Item.leather_shoes" />
      <equipment slot="Head"
                 id="Item.fur_hood" />
    </equipmentSet>
    <equipmentSet>
      <equipment slot="Item0"
                 id="Item.throwing_stone" />
      <equipment slot="Item1"
                 id="Item.peasant_polearm_1_t1" />
      <equipment slot="Body"
                 id="Item.khuzait_civil_coat" />
      <equipment slot="Leg"
                 id="Item.leather_shoes" />
      <equipment slot="Head"
                 id="Item.fur_hat" />
      <equipment slot="Cape"
                 id="Item.scarf" />
    </equipmentSet>
    <equipmentSet>
      <equipment slot="Item0"
                 id="Item.throwing_stone" />
      <equipment slot="Item1"
                 id="Item.peasant_polearm_1_t1" />
      <equipment slot="Body"
                 id="Item.steppe_robe" />
      <equipment slot="Leg"
                 id="Item.strapped_leather_boots" />
      <equipment slot="Cape"
                 id="Item.scarf" />
      <equipment slot="Head"
                 id="Item.fur_hat" />
    </equipmentSet>
    <equipmentSet>
      <equipment slot="Item0"
                 id="Item.throwing_stone" />
      <equipment slot="Item1"
                 id="Item.peasant_2haxe_1_t1" />
      <equipment slot="Body"
                 id="Item.steppe_armor" />
      <equipment slot="Leg"
                 id="Item.strapped_leather_boots" />
      <equipment slot="Cape"
                 id="Item.scarf" />
      <equipment slot="Head"
                 id="Item.nomad_padded_hood" />
    </equipmentSet>
    <equipmentSet>
      <equipment slot="Item0"
                 id="Item.throwing_stone" />
      <equipment slot="Item1"
                 id="Item.peasant_2haxe_1_t1" />
      <equipment slot="Body"
                 id="Item.khuzait_belt_leather" />
      <equipment slot="Leg"
                 id="Item.khuzait_curved_boots" />
      <equipment slot="Cape"
                 id="Item.scarf" />
      <equipment slot="Head"
                 id="Item.fur_hood" />
    </equipmentSet>
    <equipmentSet>
      <equipment slot="Item0"
                 id="Item.throwing_stone" />
      <equipment slot="Item1"
                 id="Item.peasant_2haxe_1_t1" />
      <equipment slot="Item0"
                 id="Item.peasant_sickle_1_t1" />
      <equipment slot="Body"
                 id="Item.khuzait_civil_coat_b" />
      <equipment slot="Cape"
                 id="Item.scarf" />
      <equipment slot="Leg"
                 id="Item.leather_shoes" />
      <equipment slot="Head"
                 id="Item.peaked_fur_hood" />
    </equipmentSet>
    <equipmentSet>
      <equipment slot="Item0"
                 id="Item.throwing_stone" />
      <equipment slot="Item1"
                 id="Item.peasant_2haxe_1_t1" />
      <equipment slot="Body"
                 id="Item.khuzait_civil_coat" />
      <equipment slot="Cape"
                 id="Item.scarf" />
      <equipment slot="Leg"
                 id="Item.leather_shoes" />
      <equipment slot="Head"
                 id="Item.fur_hood" />
    </equipmentSet>
    <upgrade_targets>
      <upgrade_target id="NPCCharacter.mercenary_1" />
    </upgrade_targets>
  </NPCCharacter>
  <NPCCharacter id="villager_empire"
                default_group="Infantry"
                level="1"
                name="{=KtqB640w}Empire Peasant"
                occupation="Villager"
                culture="Culture.empire"
                skill_template="NPCCharacter.infantry_heavyinfantry_level1_template_skills">
    <face>
      <!--face_key value="0009013000000000000000000000000000000000000000000000000000000000000a00050000000000000000000000000000000000000000fffffffffc880000" max_value="001cffffc000390ffff88affaa9efffffffffffffff7ffffffff9ffffffffffa0007effff7ffffff000000000000000000000000000000000000000001509181" /-->
      <BodyProperties version="4" age="22" weight="0" build="0.3"  key="000B00000000000000000000000300000000000000000000777700007080000000030013F7000000000000000000000000000000000017400000000000E80000"  />
      <BodyPropertiesMax version="4" age="60" weight="0" build="0.5"  key="001CFC0FC000390FFFF88AFFAA9EFFF4FF9FFFFFFFF7FFFFFFFF9FFF8FFFFF0177083F68FAFFFF1F77760006087558A90000000000006A700000000001589181"  />
      <!--<hair_tags>
        <hair_tag name="ShortAndThin" />
        <hair_tag name="Tousled" />
      </hair_tags>
      <beard_tags>
        <beard_tag name="LightShortBeard" />
        <beard_tag name="HeavyShortBeard" />
        <beard_tag name="Cleanshaven" />
      </beard_tags>-->
    </face>
    <skills></skills>
    <equipmentSet civilian="true">
      <equipment slot="Body"
                 id="Item.cloth_tunic" />
      <equipment slot="Leg"
                 id="Item.strapped_shoes" />
      <equipment slot="Cape"
                 id="Item.scarf" />
    </equipmentSet>
    <equipmentSet civilian="true">
      <equipment slot="Body"
                 id="Item.tied_cloth_tunic" />
      <equipment slot="Head"
                 id="Item.merchants_hat" />
      <equipment slot="Leg"
                 id="Item.wrapped_shoes" />
    </equipmentSet>
    <equipmentSet civilian="true">
      <equipment slot="Cape"
                 id="Item.scarf" />
      <equipment slot="Body"
                 id="Item.tundra_tunic" />
      <equipment slot="Leg"
                 id="Item.strapped_leather_boots" />
    </equipmentSet>
    <equipmentSet civilian="true">
      <equipment slot="Item0"
                 id="Item.peasant_sickle_1_t1" />
      <equipment slot="Body"
                 id="Item.hemp_tunic" />
      <equipment slot="Cape"
                 id="Item.scarf" />
      <equipment slot="Leg"
                 id="Item.strapped_shoes" />
    </equipmentSet>
    <equipmentSet civilian="true">
      <equipment slot="Body"
                 id="Item.tunic_with_shoulder_pads" />
      <equipment slot="Head"
                 id="Item.merchants_hat" />
      <equipment slot="Leg"
                 id="Item.strapped_shoes" />
    </equipmentSet>
    <equipmentSet civilian="true">
      <equipment slot="Body"
                 id="Item.fine_town_tunic" />
      <equipment slot="Leg"
                 id="Item.strapped_leather_boots" />
    </equipmentSet>
    <equipmentSet civilian="true">
      <equipment slot="Body"
                 id="Item.fine_town_tunic" />
      <equipment slot="Leg"
                 id="Item.leather_boots" />
      <equipment slot="Head"
                 id="Item.merchants_hat" />
      <equipment slot="Cape"
                 id="Item.scarf" />
    </equipmentSet>
    <equipmentSet civilian="true">
      <equipment slot="Body"
                 id="Item.burlap_waistcoat" />
      <equipment slot="Leg"
                 id="Item.strapped_leather_boots" />
      <equipment slot="Gloves"
                 id="Item.armwraps" />
    </equipmentSet>
    <equipmentSet civilian="true">
      <equipment slot="Body"
                 id="Item.cloth_tunic" />
      <equipment slot="Cape"
                 id="Item.scarf" />
      <equipment slot="Leg"
                 id="Item.highland_leg_wrappings" />
    </equipmentSet>
    <equipmentSet>
      <equipment slot="Item0"
                 id="Item.peasant_polearm_1_t1" />
      <equipment slot="Item1"
                 id="Item.throwing_stone" />
      <equipment slot="Body"
                 id="Item.cloth_tunic" />
      <equipment slot="Leg"
                 id="Item.strapped_shoes" />
      <equipment slot="Cape"
                 id="Item.scarf" />
    </equipmentSet>
    <equipmentSet>
      <equipment slot="Item0"
                 id="Item.peasant_hatchet_1_t1" />
      <equipment slot="Item1"
                 id="Item.throwing_stone" />
      <equipment slot="Body"
                 id="Item.tied_cloth_tunic" />
      <equipment slot="Head"
                 id="Item.merchants_hat" />
      <equipment slot="Leg"
                 id="Item.wrapped_shoes" />
    </equipmentSet>
    <equipmentSet>
      <equipment slot="Item0"
                 id="Item.peasant_polearm_1_t1" />
      <equipment slot="Item1"
                 id="Item.throwing_stone" />
      <equipment slot="Cape"
                 id="Item.scarf" />
      <equipment slot="Body"
                 id="Item.tundra_tunic" />
      <equipment slot="Leg"
                 id="Item.strapped_leather_boots" />
    </equipmentSet>
    <equipmentSet>
      <equipment slot="Item0"
                 id="Item.peasant_pitchfork_2_t1" />
      <equipment slot="Item1"
                 id="Item.throwing_stone" />
      <equipment slot="Item0"
                 id="Item.peasant_sickle_1_t1" />
      <equipment slot="Body"
                 id="Item.hemp_tunic" />
      <equipment slot="Cape"
                 id="Item.scarf" />
      <equipment slot="Leg"
                 id="Item.strapped_shoes" />
    </equipmentSet>
    <equipmentSet>
      <equipment slot="Item0"
                 id="Item.peasant_pitchfork_1_t1" />
      <equipment slot="Item1"
                 id="Item.throwing_stone" />
      <equipment slot="Body"
                 id="Item.tunic_with_shoulder_pads" />
      <equipment slot="Head"
                 id="Item.merchants_hat" />
      <equipment slot="Leg"
                 id="Item.strapped_shoes" />
    </equipmentSet>
    <equipmentSet>
      <equipment slot="Item0"
                 id="Item.peasant_2haxe_1_t1" />
      <equipment slot="Item1"
                 id="Item.throwing_stone" />
      <equipment slot="Body"
                 id="Item.fine_town_tunic" />
      <equipment slot="Leg"
                 id="Item.strapped_leather_boots" />
    </equipmentSet>
    <equipmentSet>
      <equipment slot="Item0"
                 id="Item.peasant_polearm_1_t1" />
      <equipment slot="Item1"
                 id="Item.throwing_stone" />
      <equipment slot="Body"
                 id="Item.fine_town_tunic" />
      <equipment slot="Leg"
                 id="Item.leather_boots" />
      <equipment slot="Head"
                 id="Item.merchants_hat" />
      <equipment slot="Cape"
                 id="Item.scarf" />
    </equipmentSet>
    <equipmentSet>
      <equipment slot="Item0"
                 id="Item.peasant_polearm_1_t1" />
      <equipment slot="Item1"
                 id="Item.throwing_stone" />
      <equipment slot="Body"
                 id="Item.burlap_waistcoat" />
      <equipment slot="Leg"
                 id="Item.strapped_leather_boots" />
      <equipment slot="Gloves"
                 id="Item.armwraps" />
    </equipmentSet>
    <equipmentSet>
      <equipment slot="Item0"
                 id="Item.peasant_sickle_1_t1" />
      <equipment slot="Item1"
                 id="Item.throwing_stone" />
      <equipment slot="Body"
                 id="Item.cloth_tunic" />
      <equipment slot="Cape"
                 id="Item.scarf" />
      <equipment slot="Leg"
                 id="Item.highland_leg_wrappings" />
    </equipmentSet>
    <upgrade_targets>
      <upgrade_target id="NPCCharacter.mercenary_1" />
    </upgrade_targets>
  </NPCCharacter>
  <NPCCharacter id="villager_aserai"
                default_group="Infantry"
                level="1"
                age="30"
                name="{=d6vsgKnp}Aserai Peasant"
                occupation="Villager"
                culture="Culture.aserai"
                skill_template="NPCCharacter.infantry_heavyinfantry_level1_template_skills">
    <face>
      <!--face_key value="001dc54e40000000000000000000700000000000000000000000000006650003000a00050000000000000000000000000000000000000000fffffffffc780000" max_value="0033ffffc000390ffff9aaffaa8ffffffff1ffffffb7ffffffffffffffffffff0007fffff7ffffff000000000000000000000000000000000000000001289183" /-->
      <BodyProperties version="4" age="22" weight="0" build="0.3"  key="001CC40E8000000000000000000470000000000000000000888800008080000100040013F7000000000000000000000000000000000017400000000000E00000"  />
      <BodyPropertiesMax version="4" age="60" weight="0.4" build="0.7"  key="0033FC0FC000390FFFF9AAFFAA84FFF5FF81FFFFFFB7FFFFFFFFFFFF8FFFFF01874A4F56FAFFFF1F89AA0008998768AA0000000000005AA60000000001589184"  />
      <!--<hair_tags>
        <hair_tag name="PageBoy" />
        <hair_tag name="LongAndBushy" />
        <hair_tag name="Tousled" />
      </hair_tags>
      <beard_tags>
        <beard_tag name="Cleanshaven" />
        <beard_tag name="LightShortBeard" />
        <beard_tag name="BeardWithShavedCheeks" />
        <beard_tag name="MediumMustache" />
        <beard_tag name="BushyGoatee" />
        <beard_tag name="Cleanshaven" />
      </beard_tags>-->
    </face>
    <skills></skills>
    <equipmentSet civilian="true">
      <equipment slot="Head"
                 id="Item.aserai_civil_d_hscarf" />
      <equipment slot="Body"
                 id="Item.aserai_civil_d" />
      <equipment slot="Leg"
                 id="Item.khuzait_curved_boots" />
    </equipmentSet>
    <equipmentSet civilian="true">
      <equipment slot="Item0"
                 id="Item.peasant_sickle_1_t1" />
      <equipment slot="Head"
                 id="Item.aserai_civil_c_head" />
      <equipment slot="Cape"
                 id="Item.wrapped_scarf" />
      <equipment slot="Body"
                 id="Item.aserai_civil_c" />
      <equipment slot="Leg"
                 id="Item.khuzait_curved_boots" />
    </equipmentSet>
    <equipmentSet civilian="true">
      <equipment slot="Body"
                 id="Item.aserai_civil_b" />
      <equipment slot="Head"
                 id="Item.aserai_civil_hscarf_b" />
      <equipment slot="Leg"
                 id="Item.khuzait_curved_boots" />
    </equipmentSet>
    <equipmentSet civilian="true">
      <equipment slot="Body"
                 id="Item.aserai_civil_a" />
      <equipment slot="Head"
                 id="Item.aserai_civil_e_hscarf" />
      <equipment slot="Leg"
                 id="Item.khuzait_curved_boots" />
    </equipmentSet>
    <equipmentSet civilian="true">
      <equipment slot="Body"
                 id="Item.aserai_civil_f" />
      <equipment slot="Head"
                 id="Item.aserai_civil_e_hscarf" />
      <equipment slot="Leg"
                 id="Item.khuzait_curved_boots" />
    </equipmentSet>
    <equipmentSet civilian="true">
      <equipment slot="Body"
                 id="Item.aserai_civil_e" />
      <equipment slot="Head"
                 id="Item.desert_cap" />
      <equipment slot="Cape"
                 id="Item.wrapped_scarf" />
      <equipment slot="Leg"
                 id="Item.khuzait_curved_boots" />
    </equipmentSet>
    <equipmentSet civilian="true">
      <equipment slot="Head"
                 id="Item.aserai_civil_hscarf_b" />
      <equipment slot="Body"
                 id="Item.aserai_archer_armor" />
      <equipment slot="Leg"
                 id="Item.khuzait_curved_boots" />
    </equipmentSet>
    <equipmentSet civilian="true">
      <equipment slot="Body"
                 id="Item.layered_robe" />
      <equipment slot="Head"
                 id="Item.tied_head_wrapping" />
      <equipment slot="Leg"
                 id="Item.khuzait_curved_boots" />
    </equipmentSet>
    <equipmentSet civilian="true">
      <equipment slot="Head"
                 id="Item.turban" />
      <equipment slot="Cape"
                 id="Item.wrapped_scarf" />
      <equipment slot="Body"
                 id="Item.tassled_southern_robes" />
      <equipment slot="Leg"
                 id="Item.khuzait_curved_boots" />
    </equipmentSet>
    <equipmentSet>
      <equipment slot="Item0"
                 id="Item.throwing_stone" />
      <equipment slot="Item1"
                 id="Item.peasant_2haxe_1_t1" />
      <equipment slot="Head"
                 id="Item.aserai_civil_d_hscarf" />
      <equipment slot="Body"
                 id="Item.aserai_civil_d" />
      <equipment slot="Leg"
                 id="Item.khuzait_curved_boots" />
    </equipmentSet>
    <equipmentSet>
      <equipment slot="Item0"
                 id="Item.peasant_2haxe_1_t1" />
      <equipment slot="Head"
                 id="Item.aserai_civil_c_head" />
      <equipment slot="Cape"
                 id="Item.wrapped_scarf" />
      <equipment slot="Body"
                 id="Item.aserai_civil_c" />
      <equipment slot="Leg"
                 id="Item.khuzait_curved_boots" />
    </equipmentSet>
    <equipmentSet>
      <equipment slot="Item0"
                 id="Item.throwing_stone" />
      <equipment slot="Item1"
                 id="Item.peasant_2haxe_1_t1" />
      <equipment slot="Body"
                 id="Item.aserai_civil_b" />
      <equipment slot="Head"
                 id="Item.aserai_civil_hscarf_b" />
      <equipment slot="Leg"
                 id="Item.khuzait_curved_boots" />
    </equipmentSet>
    <equipmentSet>
      <equipment slot="Item0"
                 id="Item.throwing_stone" />
      <equipment slot="Item1"
                 id="Item.peasant_pitchfork_2_t1" />
      <equipment slot="Body"
                 id="Item.aserai_civil_a" />
      <equipment slot="Head"
                 id="Item.aserai_civil_e_hscarf" />
      <equipment slot="Leg"
                 id="Item.khuzait_curved_boots" />
    </equipmentSet>
    <equipmentSet>
      <equipment slot="Item0"
                 id="Item.throwing_stone" />
      <equipment slot="Item1"
                 id="Item.peasant_pitchfork_2_t1" />
      <equipment slot="Body"
                 id="Item.aserai_civil_f" />
      <equipment slot="Head"
                 id="Item.aserai_civil_e_hscarf" />
      <equipment slot="Leg"
                 id="Item.khuzait_curved_boots" />
    </equipmentSet>
    <equipmentSet>
      <equipment slot="Item0"
                 id="Item.throwing_stone" />
      <equipment slot="Item1"
                 id="Item.peasant_polearm_1_t1" />
      <equipment slot="Body"
                 id="Item.aserai_civil_e" />
      <equipment slot="Head"
                 id="Item.desert_cap" />
      <equipment slot="Cape"
                 id="Item.wrapped_scarf" />
      <equipment slot="Leg"
                 id="Item.khuzait_curved_boots" />
    </equipmentSet>
    <equipmentSet>
      <equipment slot="Item0"
                 id="Item.throwing_stone" />
      <equipment slot="Item1"
                 id="Item.peasant_polearm_1_t1" />
      <equipment slot="Head"
                 id="Item.aserai_civil_hscarf_b" />
      <equipment slot="Body"
                 id="Item.aserai_archer_armor" />
      <equipment slot="Leg"
                 id="Item.khuzait_curved_boots" />
    </equipmentSet>
    <equipmentSet>
      <equipment slot="Item0"
                 id="Item.throwing_stone" />
      <equipment slot="Item1"
                 id="Item.peasant_polearm_1_t1" />
      <equipment slot="Body"
                 id="Item.layered_robe" />
      <equipment slot="Head"
                 id="Item.tied_head_wrapping" />
      <equipment slot="Leg"
                 id="Item.khuzait_curved_boots" />
    </equipmentSet>
    <equipmentSet>
      <equipment slot="Item0"
                 id="Item.throwing_stone" />
      <equipment slot="Item1"
                 id="Item.peasant_polearm_1_t1" />
      <equipment slot="Head"
                 id="Item.turban" />
      <equipment slot="Cape"
                 id="Item.wrapped_scarf" />
      <equipment slot="Body"
                 id="Item.tassled_southern_robes" />
      <equipment slot="Leg"
                 id="Item.khuzait_curved_boots" />
    </equipmentSet>
    <upgrade_targets>
      <upgrade_target id="NPCCharacter.mercenary_1" />
    </upgrade_targets>
  </NPCCharacter>
  <NPCCharacter id="villager_sturgia"
                default_group="Infantry"
                level="1"
                name="{=0Xku0LQD}Sturgia Peasant"
                occupation="Villager"
                culture="Culture.sturgia"
                skill_template="NPCCharacter.infantry_heavyinfantry_level1_template_skills">
    <face>
      <!--face_key value="0000012000000000000000000001700000000000000000000000000000000000000a160400000000000000000000000000000000000000000000000000f80000" max_value="00118bfa00002914eff88effeefffffbfecfff888ee3feeff7efffcefffffeff000ff7afffffffef000000000000000000000000000000000000000001c88140" /-->
      <BodyProperties version="4" age="22" weight="0.2771" build="0.5324"  key="000000000000000000000000000170000000000000000000888800008070000000073613F9000000000000000000000000000000000019840000000001300000"  />
      <BodyPropertiesMax version="4" age="60" weight="0.4614" build="0.838"  key="0011880A00002914EFF88EFFEEF4FFF5FE8FFF888EE3FEEFF7EFFFCE7FFFFE008B0F5767FDFFFF0FCCDE000AFEA086CC0000000000006DD70000000001A08140"  />
      <!--<hair_tags>
        <hair_tag name="Bowl" />
        <hair_tag name="Tousled" />
        <hair_tag name="PageBoy" />
      </hair_tags>
      <beard_tags>
        <beard_tag name="Cleanshaven" />
        <beard_tag name="LightShortBeard" />
        <beard_tag name="HeavyLongBeard" />
        <beard_tag name="LongScragglyBeard" />
      </beard_tags>-->
    </face>
    <skills></skills>
    <equipmentSet civilian="true">
      <equipment slot="Head"
                 id="Item.roughhide_cap" />
      <equipment slot="Body"
                 id="Item.northern_leather_vest" />
      <equipment slot="Leg"
                 id="Item.leather_boots" />
      <equipment slot="Cape"
                 id="Item.scarf" />
    </equipmentSet>
    <equipmentSet civilian="true">
      <equipment slot="Head"
                 id="Item.northern_fur_cap" />
      <equipment slot="Body"
                 id="Item.nordic_padded_cloth" />
      <equipment slot="Leg"
                 id="Item.leather_boots" />
    </equipmentSet>
    <equipmentSet civilian="true">
      <equipment slot="Head"
                 id="Item.northern_fur_cap" />
      <equipment slot="Cape"
                 id="Item.scarf" />
      <equipment slot="Body"
                 id="Item.northern_tunic" />
      <equipment slot="Leg"
                 id="Item.wrapped_shoes" />
    </equipmentSet>
    <equipmentSet civilian="true">
      <equipment slot="Head"
                 id="Item.nordic_fur_cap" />
      <equipment slot="Body"
                 id="Item.northern_padded_gambeson" />
      <equipment slot="Leg"
                 id="Item.strapped_shoes" />
    </equipmentSet>
    <equipmentSet civilian="true">
      <equipment slot="Body"
                 id="Item.heavy_nordic_coat" />
      <equipment slot="Leg"
                 id="Item.strapped_shoes" />
      <equipment slot="Cape"
                 id="Item.scarf" />
    </equipmentSet>
    <equipmentSet civilian="true">
      <equipment slot="Head"
                 id="Item.nordic_fur_cap" />
      <equipment slot="Body"
                 id="Item.heavy_nordic_tunic" />
      <equipment slot="Leg"
                 id="Item.ragged_boots" />
    </equipmentSet>
    <equipmentSet civilian="true">
      <equipment slot="Item0"
                 id="Item.peasant_sickle_1_t1" />
      <equipment slot="Body"
                 id="Item.nordic_tunic" />
      <equipment slot="Head"
                 id="Item.nordic_fur_cap" />
      <equipment slot="Leg"
                 id="Item.ragged_boots" />
    </equipmentSet>
    <equipmentSet civilian="true">
      <equipment slot="Head"
                 id="Item.nordic_fur_cap" />
      <equipment slot="Cape"
                 id="Item.scarf" />
      <equipment slot="Body"
                 id="Item.northern_leather_vest" />
      <equipment slot="Leg"
                 id="Item.wrapped_shoes" />
    </equipmentSet>
    <equipmentSet civilian="true">
      <equipment slot="Body"
                 id="Item.heavy_nordic_tunic" />
      <equipment slot="Leg"
                 id="Item.battania_fur_boots" />
      <equipment slot="Head"
                 id="Item.nordic_fur_cap" />
    </equipmentSet>
    <equipmentSet civilian="true">
      <equipment slot="Cape"
                 id="Item.scarf" />
      <equipment slot="Body"
                 id="Item.northern_tunic" />
      <equipment slot="Leg"
                 id="Item.battania_fur_boots" />
    </equipmentSet>
    <equipmentSet civilian="true">
      <equipment slot="Cape"
                 id="Item.scarf" />
      <equipment slot="Body"
                 id="Item.heavy_nordic_coat" />
      <equipment slot="Head"
                 id="Item.northern_fur_cap" />
      <equipment slot="Leg"
                 id="Item.battania_leather_boots" />
    </equipmentSet>
    <equipmentSet civilian="true">
      <equipment slot="Body"
                 id="Item.northern_padded_gambeson" />
      <equipment slot="Head"
                 id="Item.nordic_fur_cap" />
      <equipment slot="Leg"
                 id="Item.battania_leather_boots" />
      <equipment slot="Cape"
                 id="Item.scarf" />
    </equipmentSet>
    <equipmentSet>
      <equipment slot="Item0"
                 id="Item.throwing_stone" />
      <equipment slot="Item1"
                 id="Item.peasant_2haxe_1_t1" />
      <equipment slot="Head"
                 id="Item.nordic_fur_cap" />
      <equipment slot="Body"
                 id="Item.heavy_nordic_tunic" />
      <equipment slot="Leg"
                 id="Item.ragged_boots" />
    </equipmentSet>
    <equipmentSet>
      <equipment slot="Item0"
                 id="Item.throwing_stone" />
      <equipment slot="Item1"
                 id="Item.peasant_2haxe_1_t1" />
      <equipment slot="Body"
                 id="Item.nordic_tunic" />
      <equipment slot="Head"
                 id="Item.nordic_fur_cap" />
      <equipment slot="Leg"
                 id="Item.ragged_boots" />
    </equipmentSet>
    <equipmentSet>
      <equipment slot="Item0"
                 id="Item.throwing_stone" />
      <equipment slot="Item1"
                 id="Item.peasant_2haxe_1_t1" />
      <equipment slot="Head"
                 id="Item.nordic_fur_cap" />
      <equipment slot="Cape"
                 id="Item.scarf" />
      <equipment slot="Body"
                 id="Item.northern_leather_vest" />
      <equipment slot="Leg"
                 id="Item.wrapped_shoes" />
    </equipmentSet>
    <equipmentSet>
      <equipment slot="Item0"
                 id="Item.throwing_stone" />
      <equipment slot="Item1"
                 id="Item.peasant_polearm_1_t1" />
      <equipment slot="Body"
                 id="Item.heavy_nordic_tunic" />
      <equipment slot="Leg"
                 id="Item.battania_fur_boots" />
      <equipment slot="Head"
                 id="Item.nordic_fur_cap" />
    </equipmentSet>
    <equipmentSet>
      <equipment slot="Item0"
                 id="Item.throwing_stone" />
      <equipment slot="Item1"
                 id="Item.peasant_polearm_1_t1" />
      <equipment slot="Cape"
                 id="Item.scarf" />
      <equipment slot="Body"
                 id="Item.northern_tunic" />
      <equipment slot="Leg"
                 id="Item.battania_fur_boots" />
    </equipmentSet>
    <equipmentSet>
      <equipment slot="Item0"
                 id="Item.throwing_stone" />
      <equipment slot="Item1"
                 id="Item.peasant_polearm_1_t1" />
      <equipment slot="Cape"
                 id="Item.scarf" />
      <equipment slot="Body"
                 id="Item.heavy_nordic_coat" />
      <equipment slot="Head"
                 id="Item.northern_fur_cap" />
      <equipment slot="Leg"
                 id="Item.battania_leather_boots" />
    </equipmentSet>
    <equipmentSet>
      <equipment slot="Item0"
                 id="Item.throwing_stone" />
      <equipment slot="Item1"
                 id="Item.peasant_polearm_1_t1" />
      <equipment slot="Body"
                 id="Item.northern_padded_gambeson" />
      <equipment slot="Head"
                 id="Item.nordic_fur_cap" />
      <equipment slot="Leg"
                 id="Item.battania_leather_boots" />
      <equipment slot="Cape"
                 id="Item.scarf" />
    </equipmentSet>
    <upgrade_targets>
      <upgrade_target id="NPCCharacter.mercenary_1" />
    </upgrade_targets>
  </NPCCharacter>
  <NPCCharacter id="villager_vlandia"
                default_group="Infantry"
                level="1"
                name="{=JMZiICD8}Vlandia Peasant"
                occupation="Villager"
                culture="Culture.vlandia"
                skill_template="NPCCharacter.infantry_heavyinfantry_level1_template_skills">
    <face>
      <!--face_key value="0000017880000001000000000000000000070000000000000000000000000000000a00060000000000000000000000000000000000000000fffffffffc800000" max_value="0011fffe403c36cffff99bffaaaffffffffffffeeff0ffffffff6fffffffffff0008ffdff8ffffff000000000000000000000000000000000000000001189141" /-->
      <BodyProperties version="4" age="22" weight="0" build="0.15"  key="000000090000000100000000000300000007000000000000887700007080000000120024F7000000000000000000000000000000000027200000000000E00000"  />
      <BodyPropertiesMax version="4" age="60" weight="0.0539" build="0.3164"  key="0011FC0E804436CFFFF99BFFAAA5FFF4FF8FFFFEEFF0FFFFFFFF6FFF7FFFFF0144050F46FAFFFF0F55550006555552440000000000004A510000000001409141"  />
      <!--<hair_tags>
        <hair_tag name="Bowl" />
        <hair_tag name="Tousled" />
        <hair_tag name="PageBoy" />
      </hair_tags>
      <beard_tags>
        <beard_tag name="Cleanshaven" />
        <beard_tag name="LightShortBeard" />
        <beard_tag name="MediumMustache" />
        <beard_tag name="HeavyLongBeard" />
      </beard_tags>-->
    </face>
    <skills></skills>
    <equipmentSet civilian="true">
      <equipment slot="Body"
                 id="Item.cloth_tunic" />
      <equipment slot="Cape"
                 id="Item.hood" />
      <equipment slot="Leg"
                 id="Item.strapped_shoes" />
    </equipmentSet>
    <equipmentSet civilian="true">
      <equipment slot="Body"
                 id="Item.monk_robe" />
      <equipment slot="Cape"
                 id="Item.scarf" />
      <equipment slot="Leg"
                 id="Item.strapped_shoes" />
    </equipmentSet>
    <equipmentSet civilian="true">
      <equipment slot="Body"
                 id="Item.monk_robe" />
      <equipment slot="Cape"
                 id="Item.hood" />
      <equipment slot="Leg"
                 id="Item.strapped_shoes" />
    </equipmentSet>
    <equipmentSet civilian="true">
      <equipment slot="Body"
                 id="Item.monk_robe" />
      <equipment slot="Leg"
                 id="Item.strapped_shoes" />
    </equipmentSet>
    <equipmentSet civilian="true">
      <equipment slot="Body"
                 id="Item.cloth_tunic" />
      <equipment slot="Leg"
                 id="Item.strapped_shoes" />
    </equipmentSet>
    <equipmentSet civilian="true">
      <equipment slot="Item0"
                 id="Item.peasant_sickle_1_t1" />
      <equipment slot="Head"
                 id="Item.leather_cap" />
      <equipment slot="Body"
                 id="Item.bandit_leather_water_flask" />
      <equipment slot="Leg"
                 id="Item.wrapped_shoes" />
      <equipment slot="Cape"
                 id="Item.hood" />
      <equipment slot="Gloves"
                 id="Item.leather_gloves" />
    </equipmentSet>
    <equipmentSet civilian="true">
      <equipment slot="Body"
                 id="Item.bandit_leather_water_flask" />
      <equipment slot="Leg"
                 id="Item.strapped_leather_boots" />
      <equipment slot="Gloves"
                 id="Item.leather_gloves" />
    </equipmentSet>
    <equipmentSet civilian="true">
      <equipment slot="Cape"
                 id="Item.hood" />
      <equipment slot="Body"
                 id="Item.tunic_with_rolled_cloth" />
      <equipment slot="Leg"
                 id="Item.strapped_shoes" />
    </equipmentSet>
    <equipmentSet civilian="true">
      <equipment slot="Body"
                 id="Item.tunic_with_rolled_cloth" />
      <equipment slot="Leg"
                 id="Item.strapped_shoes" />
    </equipmentSet>
    <equipmentSet civilian="true">
      <equipment slot="Body"
                 id="Item.tunic_with_rolled_cloth" />
      <equipment slot="Head"
                 id="Item.leather_cap" />
      <equipment slot="Leg"
                 id="Item.strapped_shoes" />
    </equipmentSet>
    <equipmentSet civilian="true">
      <equipment slot="Cape"
                 id="Item.hood" />
      <equipment slot="Body"
                 id="Item.long_hemp_tunic" />
      <equipment slot="Leg"
                 id="Item.wrapped_shoes" />
    </equipmentSet>
    <equipmentSet civilian="true">
      <equipment slot="Body"
                 id="Item.long_hemp_tunic" />
      <equipment slot="Leg"
                 id="Item.wrapped_shoes" />
    </equipmentSet>
    <equipmentSet civilian="true">
      <equipment slot="Cape"
                 id="Item.hood" />
      <equipment slot="Body"
                 id="Item.long_woolen_tunic" />
      <equipment slot="Leg"
                 id="Item.strapped_leather_boots" />
      <equipment slot="Gloves"
                 id="Item.leather_gloves" />
    </equipmentSet>
    <equipmentSet civilian="true">
      <equipment slot="Body"
                 id="Item.long_woolen_tunic" />
      <equipment slot="Leg"
                 id="Item.strapped_leather_boots" />
    </equipmentSet>
    <equipmentSet civilian="true">
      <equipment slot="Cape"
                 id="Item.hood" />
      <equipment slot="Body"
                 id="Item.sackcloth_tunic" />
      <equipment slot="Leg"
                 id="Item.strapped_leather_boots" />
    </equipmentSet>
    <equipmentSet>
      <equipment slot="Item0"
                 id="Item.throwing_stone" />
      <equipment slot="Item1"
                 id="Item.peasant_polearm_1_t1" />
      <equipment slot="Cape"
                 id="Item.hood" />
      <equipment slot="Body"
                 id="Item.tunic_with_rolled_cloth" />
      <equipment slot="Leg"
                 id="Item.strapped_shoes" />
    </equipmentSet>
    <equipmentSet>
      <equipment slot="Item0"
                 id="Item.throwing_stone" />
      <equipment slot="Item1"
                 id="Item.peasant_polearm_1_t1" />
      <equipment slot="Body"
                 id="Item.tunic_with_rolled_cloth" />
      <equipment slot="Leg"
                 id="Item.strapped_shoes" />
    </equipmentSet>
    <equipmentSet>
      <equipment slot="Item0"
                 id="Item.throwing_stone" />
      <equipment slot="Item1"
                 id="Item.peasant_polearm_1_t1" />
      <equipment slot="Body"
                 id="Item.tunic_with_rolled_cloth" />
      <equipment slot="Head"
                 id="Item.leather_cap" />
      <equipment slot="Leg"
                 id="Item.strapped_shoes" />
    </equipmentSet>
    <equipmentSet>
      <equipment slot="Item0"
                 id="Item.throwing_stone" />
      <equipment slot="Item1"
                 id="Item.peasant_polearm_1_t1" />
      <equipment slot="Cape"
                 id="Item.hood" />
      <equipment slot="Body"
                 id="Item.long_hemp_tunic" />
      <equipment slot="Leg"
                 id="Item.wrapped_shoes" />
    </equipmentSet>
    <equipmentSet>
      <equipment slot="Item0"
                 id="Item.throwing_stone" />
      <equipment slot="Item1"
                 id="Item.peasant_2haxe_1_t1" />
      <equipment slot="Body"
                 id="Item.long_hemp_tunic" />
      <equipment slot="Leg"
                 id="Item.wrapped_shoes" />
    </equipmentSet>
    <equipmentSet>
      <equipment slot="Item0"
                 id="Item.throwing_stone" />
      <equipment slot="Item1"
                 id="Item.peasant_2haxe_1_t1" />
      <equipment slot="Cape"
                 id="Item.hood" />
      <equipment slot="Body"
                 id="Item.long_woolen_tunic" />
      <equipment slot="Leg"
                 id="Item.strapped_leather_boots" />
      <equipment slot="Gloves"
                 id="Item.leather_gloves" />
    </equipmentSet>
    <equipmentSet>
      <equipment slot="Item0"
                 id="Item.throwing_stone" />
      <equipment slot="Item1"
                 id="Item.peasant_2haxe_1_t1" />
      <equipment slot="Body"
                 id="Item.long_woolen_tunic" />
      <equipment slot="Leg"
                 id="Item.strapped_leather_boots" />
    </equipmentSet>
    <equipmentSet>
      <equipment slot="Item0"
                 id="Item.throwing_stone" />
      <equipment slot="Item1"
                 id="Item.peasant_2haxe_1_t1" />
      <equipment slot="Cape"
                 id="Item.hood" />
      <equipment slot="Body"
                 id="Item.sackcloth_tunic" />
      <equipment slot="Leg"
                 id="Item.strapped_leather_boots" />
    </equipmentSet>
    <upgrade_targets>
      <upgrade_target id="NPCCharacter.mercenary_1" />
    </upgrade_targets>
  </NPCCharacter>
  <NPCCharacter id="villager_battania"
                default_group="Infantry"
                level="1"
                name="{=BmYpwIYi}Battania Peasant"
                occupation="Villager"
                culture="Culture.battania"
                skill_template="NPCCharacter.infantry_heavyinfantry_level1_template_skills">
    <face>
      <!--face_key value="0000014440fc1000171771708710887070071888108071070017100010010110000a06550000001000000000000000000000000000000000fffffffffc740000" max_value="000b7ff880fc3914efefe7ffff6feefff77fffee67f6feeff7ef6ffffeffffff000ff65fffefffff000000000000000000000000000000000000000001f41140" /-->
      <BodyProperties version="4" age="22" weight="0" build="0.2"  key="0000000480FC100017177170871388707007188810807107777710007071011000000613F9000010000000000000000000000000000019300000000001340000"  />
      <BodyPropertiesMax version="4" age="60" weight="0" build="0.5"  key="000B7C0900FC3914EFEFE7FFFF64EEF4F77FFFEE67F6FEEFF7EF6FFF7EFFFF0055051656FCEFFF0F76660006666663770000000000005C7000000000018C1140"  />
      <!--<hair_tags>
        <hair_tag name="Short" />
        <hair_tag name="SlickedLong" />
        <hair_tag name="LongAndBushy" />
      </hair_tags>
      <beard_tags>
        <beard_tag name="DroopyMustache" />
        <beard_tag name="MediumMustache" />
      </beard_tags>-->
    </face>
    <skills></skills>
    <equipmentSet civilian="true">
      <equipment slot="Item0"
                 id="Item.peasant_sickle_1_t1" />
      <equipment slot="Body"
                 id="Item.battania_civil_a" />
      <equipment slot="Cape"
                 id="Item.scarf" />
      <equipment slot="Leg"
                 id="Item.strapped_shoes" />
      <equipment slot="Gloves"
                 id="Item.highland_gloves" />
    </equipmentSet>
    <equipmentSet civilian="true">
      <equipment slot="Body"
                 id="Item.battania_civil_b" />
      <equipment slot="Head"
                 id="Item.battania_civil_hood" />
      <equipment slot="Cape"
                 id="Item.battania_civil_cloak" />
      <equipment slot="Gloves"
                 id="Item.highland_gloves" />
      <equipment slot="Leg"
                 id="Item.highland_leg_wrappings" />
    </equipmentSet>
    <equipmentSet civilian="true">
      <equipment slot="Body"
                 id="Item.battania_civil_c" />
      <equipment slot="Leg"
                 id="Item.strapped_leather_boots" />
      <equipment slot="Gloves"
                 id="Item.highland_gloves" />
    </equipmentSet>
    <equipmentSet civilian="true">
      <equipment slot="Body"
                 id="Item.battania_woodland_outfit" />
      <equipment slot="Leg"
                 id="Item.battania_woodland_boots" />
      <equipment slot="Cape"
                 id="Item.battania_civil_cloak" />
      <equipment slot="Gloves"
                 id="Item.highland_gloves" />
      <equipment slot="Head"
                 id="Item.battania_civil_hood" />
    </equipmentSet>
    <equipmentSet civilian="true">
      <equipment slot="Body"
                 id="Item.battania_civil_a" />
      <equipment slot="Cape"
                 id="Item.battania_civil_cloak" />
      <equipment slot="Leg"
                 id="Item.strapped_shoes" />
      <equipment slot="Gloves"
                 id="Item.highland_gloves" />
    </equipmentSet>
    <equipmentSet civilian="true">
      <equipment slot="Body"
                 id="Item.battania_civil_b" />
      <equipment slot="Cape"
                 id="Item.scarf" />
      <equipment slot="Gloves"
                 id="Item.highland_gloves" />
      <equipment slot="Leg"
                 id="Item.highland_leg_wrappings" />
    </equipmentSet>
    <equipmentSet civilian="true">
      <equipment slot="Body"
                 id="Item.battania_civil_c" />
      <equipment slot="Leg"
                 id="Item.strapped_leather_boots" />
      <equipment slot="Gloves"
                 id="Item.highland_gloves" />
    </equipmentSet>
    <equipmentSet civilian="true">
      <equipment slot="Body"
                 id="Item.battania_woodland_outfit" />
      <equipment slot="Leg"
                 id="Item.battania_woodland_boots" />
      <equipment slot="Cape"
                 id="Item.scarf" />
      <equipment slot="Gloves"
                 id="Item.highland_gloves" />
    </equipmentSet>
    <equipmentSet civilian="true">
      <equipment slot="Body"
                 id="Item.battania_woodland_outfit" />
      <equipment slot="Leg"
                 id="Item.battania_woodland_boots" />
      <equipment slot="Cape"
                 id="Item.battania_cloak" />
      <equipment slot="Gloves"
                 id="Item.highland_gloves" />
    </equipmentSet>
    <equipmentSet civilian="true">
      <equipment slot="Item0"
                 id="Item.peasant_sickle_1_t1" />
      <equipment slot="Body"
                 id="Item.battania_civil_a" />
      <equipment slot="Cape"
                 id="Item.battania_cloak" />
      <equipment slot="Leg"
                 id="Item.strapped_shoes" />
      <equipment slot="Gloves"
                 id="Item.highland_gloves" />
    </equipmentSet>
    <equipmentSet civilian="true">
      <equipment slot="Body"
                 id="Item.battania_civil_b" />
      <equipment slot="Cape"
                 id="Item.battania_cloak" />
      <equipment slot="Gloves"
                 id="Item.highland_gloves" />
      <equipment slot="Leg"
                 id="Item.highland_leg_wrappings" />
    </equipmentSet>
    <equipmentSet civilian="true">
      <equipment slot="Body"
                 id="Item.battania_civil_c" />
      <equipment slot="Leg"
                 id="Item.strapped_leather_boots" />
      <equipment slot="Gloves"
                 id="Item.highland_gloves" />
    </equipmentSet>
    <equipmentSet civilian="true">
      <equipment slot="Body"
                 id="Item.battania_woodland_outfit" />
      <equipment slot="Leg"
                 id="Item.battania_woodland_boots" />
      <equipment slot="Cape"
                 id="Item.battania_civil_cape" />
      <equipment slot="Gloves"
                 id="Item.highland_gloves" />
    </equipmentSet>
    <equipmentSet civilian="true">
      <equipment slot="Item0"
                 id="Item.peasant_sickle_1_t1" />
      <equipment slot="Body"
                 id="Item.battania_civil_a" />
      <equipment slot="Cape"
                 id="Item.battania_civil_cape" />
      <equipment slot="Leg"
                 id="Item.strapped_shoes" />
      <equipment slot="Gloves"
                 id="Item.highland_gloves" />
    </equipmentSet>
    <equipmentSet civilian="true">
      <equipment slot="Body"
                 id="Item.battania_civil_b" />
      <equipment slot="Cape"
                 id="Item.battania_civil_cape" />
      <equipment slot="Gloves"
                 id="Item.highland_gloves" />
      <equipment slot="Leg"
                 id="Item.highland_leg_wrappings" />
    </equipmentSet>
    <equipmentSet>
      <equipment slot="Item0"
                 id="Item.peasant_2haxe_1_t1" />
      <equipment slot="Item1"
                 id="Item.throwing_stone" />
      <equipment slot="Body"
                 id="Item.battania_civil_a" />
      <equipment slot="Cape"
                 id="Item.battania_cloak" />
      <equipment slot="Leg"
                 id="Item.strapped_shoes" />
      <equipment slot="Gloves"
                 id="Item.highland_gloves" />
    </equipmentSet>
    <equipmentSet>
      <equipment slot="Item0"
                 id="Item.peasant_2haxe_1_t1" />
      <equipment slot="Item1"
                 id="Item.throwing_stone" />
      <equipment slot="Body"
                 id="Item.battania_civil_b" />
      <equipment slot="Cape"
                 id="Item.battania_cloak" />
      <equipment slot="Gloves"
                 id="Item.highland_gloves" />
      <equipment slot="Leg"
                 id="Item.highland_leg_wrappings" />
    </equipmentSet>
    <equipmentSet>
      <equipment slot="Item0"
                 id="Item.peasant_2haxe_1_t1" />
      <equipment slot="Item1"
                 id="Item.throwing_stone" />
      <equipment slot="Body"
                 id="Item.battania_civil_c" />
      <equipment slot="Leg"
                 id="Item.strapped_leather_boots" />
      <equipment slot="Gloves"
                 id="Item.highland_gloves" />
    </equipmentSet>
    <equipmentSet>
      <equipment slot="Item0"
                 id="Item.peasant_polearm_1_t1" />
      <equipment slot="Item1"
                 id="Item.throwing_stone" />
      <equipment slot="Body"
                 id="Item.battania_woodland_outfit" />
      <equipment slot="Leg"
                 id="Item.battania_woodland_boots" />
      <equipment slot="Cape"
                 id="Item.battania_civil_cape" />
      <equipment slot="Gloves"
                 id="Item.highland_gloves" />
    </equipmentSet>
    <equipmentSet>
      <equipment slot="Item0"
                 id="Item.peasant_polearm_1_t1" />
      <equipment slot="Item1"
                 id="Item.throwing_stone" />
      <equipment slot="Item0"
                 id="Item.peasant_sickle_1_t1" />
      <equipment slot="Body"
                 id="Item.battania_civil_a" />
      <equipment slot="Cape"
                 id="Item.battania_civil_cape" />
      <equipment slot="Leg"
                 id="Item.strapped_shoes" />
      <equipment slot="Gloves"
                 id="Item.highland_gloves" />
    </equipmentSet>
    <equipmentSet>
      <equipment slot="Item0"
                 id="Item.peasant_polearm_1_t1" />
      <equipment slot="Item1"
                 id="Item.throwing_stone" />
      <equipment slot="Body"
                 id="Item.battania_civil_b" />
      <equipment slot="Cape"
                 id="Item.battania_civil_cape" />
      <equipment slot="Gloves"
                 id="Item.highland_gloves" />
      <equipment slot="Leg"
                 id="Item.highland_leg_wrappings" />
    </equipmentSet>
    <upgrade_targets>
      <upgrade_target id="NPCCharacter.mercenary_1" />
    </upgrade_targets>
  </NPCCharacter>
  <!-- #endregion -->
</NPCCharacters>