<?xml version="1.0" encoding="utf-8"?>
<NPCCharacters>
  <NPCCharacter id="spcwandererzzinterestingcompanionsunevenfletcher" name="{=InComp.NPC1}{HERO.FIRSTNAME} &quot;Uneven&quot; Fletcher" voice="ironic" age="32" default_group="Ranged" is_template="true" is_hero="false" culture="Culture.vlandia" battleTemplate="NPCCharacter.vlandia_wanderer_hunter" civilianTemplate="NPCCharacter.vlandia_regular_commoner_male" occupation="Wanderer">
    <face>
      <BodyProperties version="4" age="31.99" weight="0.5" build="0.5"  key="0005EC0A0000024410F7281021E3330453B7E14A52922F03D3100D22EDC5A41415140624071EF167777500051540380500000000000027770000000044EC2083"  />
      <BodyPropertiesMax version="4" age="31.99" weight="0.5" build="0.5"  key="0005EC0A0000024410F7281021E3330453B7E14A52922F03D3100D22EDC5A41415140624071EF167777500051540380500000000000027770000000044EC2083"  />
    </face>
    <skills>
      <skill id="Bow" value="125"/>
      <skill id="OneHanded" value="50"/>
      <skill id="TwoHanded" value="50"/>
      <skill id="Polearm" value="50"/>
      <skill id="Throwing" value="25"/>
      <skill id="Crossbow" value="50"/>
      <skill id="Riding" value="50"/>
      <skill id="Athletics" value="100"/>
      <skill id="Crafting" value="150"/>
      <skill id="Trade" value="75"/>
      <skill id="Charm" value="50"/>
      <skill id="Engineering" value="75"/>
    </skills>
    <Traits>
      <Trait id="Calculating" value="1"/>
      <Trait id="Generosity" value="0"/>
      <Trait id="Honor" value="0"/>
      <Trait id="Valor" value="-1"/>
      <Trait id="Mercy" value="0"/>
    </Traits>
  </NPCCharacter>
  <NPCCharacter id="spcwandererzzinterestingcompanionssharpedgeregak" name="{=InComp.NPC2}{HERO.FIRSTNAME} &quot;Sharp Edge&quot; Regak" age="28" voice="curt" culture="Culture.sturgia" battleTemplate="NPCCharacter.sturgia_wanderer_hunter" civilianTemplate="NPCCharacter.sturgia_rich_commoner_male" default_group="Ranged" is_template="true" is_hero="false" occupation="Wanderer">
    <face>
      <BodyProperties version="4" age="28.84" weight="0.5" build="0.5" key="000B8C06007003C9F76743781443D77301D2662880110F1091F90098AFA01201022216130898812674300000330331130000000000001877000000002AFC6103"/>
      <BodyPropertiesMax version="4" age="28.84" weight="0.5" build="0.5" key="000B8C06007003C9F76743781443D77301D2662880110F1091F90098AFA01201022216130898812674300000330331130000000000001877000000002AFC6103"/>
    </face>
    <skills>
      <skill id="OneHanded" value="50"/>
      <skill id="Bow" value="125"/>
      <skill id="Crossbow" value="50"/>
      <skill id="TwoHanded" value="50"/>
      <skill id="Polearm" value="50"/>
      <skill id="Throwing" value="25"/>
      <skill id="Riding" value="50"/>
      <skill id="Athletics" value="100"/>
      <skill id="Crafting" value="150"/>
      <skill id="Scouting" value="100"/>
      <skill id="Charm" value="25"/>
      <skill id="Trade" value="75"/>
    </skills>
    <Traits>
      <Trait id="Calculating" value="1"/>
      <Trait id="Generosity" value="0"/>
      <Trait id="Honor" value="0"/>
      <Trait id="Valor" value="-1"/>
      <Trait id="Mercy" value="0"/>
    </Traits>
  </NPCCharacter>
  <NPCCharacter id="spcwandererzzinterestingcompanionspalesmith" name="{=InComp.NPC3}{HERO.FIRSTNAME} &quot;Pale&quot; Smith" age="38" voice="curt" culture="Culture.vlandia" battleTemplate="NPCCharacter.vlandia_rebel_peasant" civilianTemplate="NPCCharacter.vlandia_blacksmith" default_group="Infantry" is_template="true" is_hero="false" occupation="Wanderer">
    <face>
      <BodyProperties version="4" age="38.00" weight="0.5" build="0.5" key="0000B0088000138D108728B021E3330953B76448A212FDA3D310029E8DC5A41419141635074B71199F7000051540450500000000000037100000000070EC8083"/>
      <BodyPropertiesMax version="4" age="38.00" weight="0.5" build="0.5" key="0000B0088000138D108728B021E3330953B76448A212FDA3D310029E8DC5A41419141635074B71199F7000051540450500000000000037100000000070EC8083"/>
    </face>
    <skills>
      <skill id="OneHanded" value="75"/>
      <skill id="TwoHanded" value="100"/>
      <skill id="Crossbow" value="50"/>
      <skill id="Bow" value="25"/>
      <skill id="Throwing" value="25"/>
      <skill id="Polearm" value="75"/>
      <skill id="Crafting" value="200"/>
      <skill id="Athletics" value="125"/>
      <skill id="Riding" value="25"/>
      <skill id="Trade" value="50"/>
      <skill id="Charm" value="50"/>
      <skill id="Engineering" value="50"/>
    </skills>
    <Traits>
      <Trait id="Calculating" value="0"/>
      <Trait id="Generosity" value="0"/>
      <Trait id="Honor" value="1"/>
      <Trait id="Valor" value="1"/>
      <Trait id="Mercy" value="0"/>
    </Traits>
  </NPCCharacter>
  <NPCCharacter id="spcwandererzzinterestingcompanionsbesthefencebuilder" name="{=InComp.NPC4}{HERO.FIRSTNAME} Bes the Fence-Builder" age="22" voice="ironic" culture="Culture.aserai" battleTemplate="NPCCharacter.egatyian_wanderer_intellectual_heavy" civilianTemplate="NPCCharacter.aserai_regular_commoner_male" default_group="Cavalry" is_template="true" is_hero="false" occupation="Wanderer">
    <face>
      <BodyProperties version="4" age="22.84" weight="0.5" build="0.5" key="0028C00FC000028BAA474C4810909282666A702F1177EF8281C14C4C72C6223500221613048322F8065500000000001100000000000014770000000042848003"/>
      <BodyPropertiesMax version="4" age="22.84" weight="0.5" build="0.5" key="0028C00FC000028BAA474C4810909282666A702F1177EF8281C14C4C72C6223500221613048322F8065500000000001100000000000014770000000042848003"/>
    </face>
    <skills>
      <skill id="OneHanded" value="30"/>
      <skill id="TwoHanded" value="50"/>
      <skill id="Throwing" value="100"/>
      <skill id="Polearm" value="100"/>
      <skill id="Crossbow" value="50"/>
      <skill id="Bow" value="50"/>
      <skill id="Riding" value="30"/>
      <skill id="Athletics" value="100"/>
      <skill id="Engineering" value="220"/>
      <skill id="Steward" value="25"/>
      <skill id="Trade" value="20"/>
    </skills>
    <Traits>
      <Trait id="Calculating" value="1"/>
      <Trait id="Generosity" value="0"/>
      <Trait id="Honor" value="0"/>
      <Trait id="Mercy" value="0"/>
      <Trait id="Valor" value="-1"/>
    </Traits>
  </NPCCharacter> 
  <NPCCharacter id="spcwandererzzinterestingcompanionstimotisthetrajectoryspecialist" name="{=InComp.NPC5}{HERO.FIRSTNAME} Timotis the Trajectory-Specialist" age="30" voice="earnest" culture="Culture.empire" battleTemplate="NPCCharacter.empire_wanderer_intellectual_medium" civilianTemplate="NPCCharacter.empire_rich_commoner_male" default_group="Cavalry" is_template="true" is_hero="false" occupation="Wanderer">
    <face>
      <BodyProperties version="4" age="30.84" weight="0.5" build="0.5" key="0005B0098000030D0090B0E3233333DE4445839040058534D4B55E1A8C87C14700705613067800740002045011F2204400000000000016770000000062C47005"/>
      <BodyPropertiesMax version="4" age="30.84" weight="0.5" build="0.5" key="0005B0098000030D0090B0E3233333DE4445839040058534D4B55E1A8C87C14700705613067800740002045011F2204400000000000016770000000062C47005"/>
    </face>
    <skills>
      <skill id="OneHanded" value="50"/>
      <skill id="TwoHanded" value="50"/>
      <skill id="Polearm" value="80"/>
      <skill id="Throwing" value="100"/>
      <skill id="Crossbow" value="50"/>
      <skill id="Bow" value="50"/>
      <skill id="Riding" value="30"/>
      <skill id="Athletics" value="100"/>
      <skill id="Steward" value="25"/>
      <skill id="Engineering" value="220"/>
      <skill id="Trade" value="20"/>
    </skills>
    <Traits>
      <Trait id="Calculating" value="1"/>
      <Trait id="Generosity" value="0"/>
      <Trait id="Honor" value="0"/>
      <Trait id="Valor" value="-1"/>
      <Trait id="Mercy" value="0"/>
    </Traits>
  </NPCCharacter> 
  <NPCCharacter id="spcwandererzzinterestingcompanionsthesiegemaster" name="{=InComp.NPC6}{HERO.FIRSTNAME} the Siege-Master" age="34" voice="curt" culture="Culture.battania" battleTemplate="NPCCharacter.battania_wanderer_intellectual_heavy" civilianTemplate="NPCCharacter.battania_civilian_fighter_male" default_group="Infantry" is_template="true" is_hero="false" occupation="Wanderer">
    <face>
      <BodyProperties version="4" age="34.00" weight="0.5" build="0.5" key="0005B006017021464874783F00E4EE5454C488B6B66067525A048E3E8BBABB54086F161308FAA3441216001A7401011600000000000018770000000012FC3086"/>
      <BodyPropertiesMax version="4" age="34.00" weight="0.5" build="0.5" key="0005B006017021464874783F00E4EE5454C488B6B66067525A048E3E8BBABB54086F161308FAA3441216001A7401011600000000000018770000000012FC3086"/>
    </face>
    <skills>
      <skill id="OneHanded" value="50"/>
      <skill id="TwoHanded" value="145"/>
      <skill id="Throwing" value="100"/>
      <skill id="Polearm" value="60"/>
      <skill id="Athletics" value="185"/>
      <skill id="Engineering" value="235"/>
    </skills>
    <Traits>
      <Trait id="Honor" value="2"/>
      <Trait id="Calculating" value="-1"/>
      <Trait id="Generosity" value="0"/>
      <Trait id="Valor" value="0"/>
      <Trait id="Mercy" value="-1"/>
    </Traits>
  </NPCCharacter> 
  <NPCCharacter id="spcwandererzzinterestingcompanionsuntrustydeyvesin" name="{=InComp.NPC7}{HERO.FIRSTNAME} &quot;Untrusty&quot; dey Vesin" age="30" voice="ironic" is_female="true" culture="Culture.vlandia" battleTemplate="NPCCharacter.vlandia_wanderer_intellectual_medium" civilianTemplate="NPCCharacter.vlandia_regular_commoner_male" default_group="Infantry" is_template="true" is_hero="false" occupation="Wanderer">
    <face>
      <BodyProperties version="4" age="30.00" weight="0.5" build="0.5" key="0011C0070000300E82A24144CD1BE02D611265E392187095F3311F7B872380541640561306577333000000000600304300000000000016770000000014BC3003"/>
      <BodyPropertiesMax version="4" age="30.00" weight="0.5" build="0.5" key="0011C0070000300E82A24144CD1BE02D611265E392187095F3311F7B872380541640561306577333000000000600304300000000000016770000000014BC3003"/>
    </face>
    <skills>
      <skill id="OneHanded" value="60"/>
      <skill id="Polearm" value="80"/>
      <skill id="Throwing" value="50"/>
      <skill id="TwoHanded" value="50"/>
      <skill id="Crossbow" value="80"/>
      <skill id="Bow" value="50"/>
      <skill id="Riding" value="50"/>
      <skill id="Athletics" value="50"/>
      <skill id="Steward" value="60"/>
      <skill id="Engineering" value="200"/>
      <skill id="Trade" value="45"/>
    </skills>
    <Traits>
      <Trait id="Honor" value="-1"/>
      <Trait id="Calculating" value="2"/>
      <Trait id="Generosity" value="0"/>
      <Trait id="Valor" value="-1"/>
      <Trait id="Mercy" value="0"/>
    </Traits>
  </NPCCharacter> 
  <NPCCharacter id="spcwandererzzinterestingcompanionstheboltcarrier" name="{=InComp.NPC8}{HERO.FIRSTNAME} the Bolt-Carrier" age="28" voice="curt" culture="Culture.aserai" battleTemplate="NPCCharacter.aserai_wanderer_intellectual_light" civilianTemplate="NPCCharacter.aserai_regular_commoner_male" default_group="Infantry" is_template="true" is_hero="false" occupation="Wanderer">
    <face>
      <BodyProperties version="4" age="28.00" weight="0.5" build="0.5" key="0016680AC0A009C659737B894A4B676788C789B78B79BA557C3A88D24E72A633895A761307953A7ABD98ADC6CA86692A00000000000017770000000022E43043"/>
      <BodyPropertiesMax version="4" age="28.00" weight="0.5" build="0.5" key="0016680AC0A009C659737B894A4B676788C789B78B79BA557C3A88D24E72A633895A761307953A7ABD98ADC6CA86692A00000000000017770000000022E43043"/>
    </face>
    <skills>
      <skill id="OneHanded" value="85"/>
      <skill id="TwoHanded" value="135"/>
      <skill id="Polearm" value="85"/>
      <skill id="Throwing" value="135"/>
      <skill id="Bow" value="35"/>
      <skill id="Athletics" value="115"/>
      <skill id="Engineering" value="185"/>
    </skills>
    <Traits>
      <Trait id="Mercy" value="-1"/>
      <Trait id="Generosity" value="0"/>
      <Trait id="Valor" value="0"/>
      <Trait id="Calculating" value="-1"/>
      <Trait id="Honor" value="2"/>
    </Traits>
  </NPCCharacter>
  <NPCCharacter id="spcwandererzzinterestingcompanionsbanuqatal" name="{=InComp.NPC9}{HERO.FIRSTNAME} banu Qatal" age="55" voice="ironic" culture="Culture.aserai" battleTemplate="NPCCharacter.hashishi_clans" civilianTemplate="NPCCharacter.aserai_runaway_commoner_male" default_group="Infantry" is_template="true" is_hero="false" occupation="Wanderer">
    <face>
      <BodyProperties version="4" age="55.84" weight="0.5" build="0.5" key="001CA40D5000184DE755733A7CF2BDF045E08443A46A130063690E758CF11A485212261306EB5145001F02706681504500000000000016770000000000C430C6"/>
      <BodyPropertiesMax version="4" age="55.84" weight="0.5" build="0.5" key="001CA40D5000184DE755733A7CF2BDF045E08443A46A130063690E758CF11A485212261306EB5145001F02706681504500000000000016770000000000C430C6"/>
    </face>
    <skills>
      <skill id="Athletics" value="285"/>
      <skill id="Riding" value="70"/>
      <skill id="Throwing" value="110"/>
      <skill id="TwoHanded" value="180"/>
      <skill id="Polearm" value="75"/>
      <skill id="OneHanded" value="230"/>
      <skill id="Tactics" value="75"/>
      <skill id="Leadership" value="100"/>
      <skill id="Scouting" value="100"/>
      <skill id="Roguery" value="75"/>
      <skill id="Steward" value="50"/>
    </skills>
    <Traits>
      <Trait id="Mercy" value="-2"/>
      <Trait id="Calculating" value="2"/>
    </Traits>
  </NPCCharacter>
  <NPCCharacter id="spcwandererzzinterestingcompanionsalmansi" name="{=InComp.NPC10}{HERO.FIRSTNAME} Almansi" age="33" voice="softspoken" culture="Culture.aserai" battleTemplate="NPCCharacter.almansi_equipment" civilianTemplate="NPCCharacter.aserai_rich_commoner_male" default_group="HorseArcher" is_template="true" is_hero="false" occupation="Wanderer">
    <face>
      <BodyProperties version="4" age="33.00" weight="0.5" build="0.5" key="001CD80D4000028F8B6953478222E454A2FE15B477987AC4ABCAA6287AA91F00199406130785C76B001400032220505500000000000017770000000038F430C6"/>
      <BodyPropertiesMax version="4" age="33.00" weight="0.5" build="0.5" key="001CD80D4000028F8B6953478222E454A2FE15B477987AC4ABCAA6287AA91F00199406130785C76B001400032220505500000000000017770000000038F430C6"/>
    </face>
    <skills>
      <skill id="TwoHanded" value="100"/>
      <skill id="Polearm" value="150"/>
      <skill id="OneHanded" value="150"/>
      <skill id="Throwing" value="50"/>
      <skill id="Riding" value="200"/>
      <skill id="Athletics" value="165"/>
      <skill id="Scouting" value="75"/>
      <skill id="Tactics" value="125"/>
      <skill id="Leadership" value="75"/>
      <skill id="Steward" value="25"/>
      <skill id="Bow" value="110"/>
      <skill id="Engineering" value="25"/>
    </skills>
    <Traits>
      <Trait id="Honor" value="0"/>
      <Trait id="Generosity" value="0"/>
      <Trait id="Mercy" value="-2"/>
      <Trait id="Valor" value="1"/>
      <Trait id="Calculating" value="1"/>
    </Traits>
  </NPCCharacter>
  <NPCCharacter id="spcwandererzzinterestingcompanionsdyseus" name="{=InComp.NPC11}{HERO.FIRSTNAME} Dyseus" age="35" voice="earnest" culture="Culture.empire" battleTemplate="NPCCharacter.odysseus_equipment" civilianTemplate="NPCCharacter.empire_rich_commoner_male" default_group="Infantry" is_template="true" is_hero="false" occupation="Wanderer">
    <face>
      <BodyProperties version="4" age="35.84" weight="0.5" build="0.5" key="0011600AC0FC1354C7AA325B6064D42B306683C434E347115011050C7BE369550675961306AB0190222700012320701500000000000016770000000056D460C3"/>
      <BodyPropertiesMax version="4" age="35.84" weight="0.5" build="0.5" key="0011600AC0FC1354C7AA325B6064D42B306683C434E347115011050C7BE369550675961306AB0190222700012320701500000000000016770000000056D460C3"/>
    </face>
    <skills>
      <skill id="OneHanded" value="285"/>
      <skill id="TwoHanded" value="50"/>
      <skill id="Polearm" value="85"/>
      <skill id="Riding" value="200"/>
      <skill id="Athletics" value="150"/>
      <skill id="Scouting" value="80"/>
      <skill id="Tactics" value="100"/>
      <skill id="Trade" value="50"/>
      <skill id="Leadership" value="120"/>
      <skill id="Charm" value="50"/>
      <skill id="Steward" value="80"/>
    </skills>
    <Traits>
      <Trait id="Calculating" value="1"/>
      <Trait id="Honor" value="1"/>
      <Trait id="Mercy" value="0"/>
      <Trait id="Valor" value="0"/>
      <Trait id="Generosity" value="-2"/>
    </Traits>
  </NPCCharacter>
  <NPCCharacter id="spcwandererzzinterestingcompanionshugunait" name="{=InComp.NPC12}{HERO.FIRSTNAME} Hugunait" age="27" voice="ironic" culture="Culture.khuzait" battleTemplate="NPCCharacter.hugunait_tier_4" civilianTemplate="NPCCharacter.khuzait_rich_commoner_male" default_group="HorseArcher" is_template="true" is_hero="false" occupation="Wanderer">
    <face>
      <BodyProperties version="4" age="27.00" weight="0.5" build="0.5" key="001CD40A000018D074819439DF45D41CD332832EE8DA227F81182E3273EED83310E3461306243118004505922200110000000000000016770000000024CC5003"/>
      <BodyPropertiesMax version="4" age="27.00" weight="0.5" build="0.5" key="001CD40A000018D074819439DF45D41CD332832EE8DA227F81182E3273EED83310E3461306243118004505922200110000000000000016770000000024CC5003"/>
    </face>
    <skills>
      <skill id="Riding" value="265"/>
      <skill id="Athletics" value="95"/>
      <skill id="Polearm" value="200"/>
      <skill id="OneHanded" value="150"/>
      <skill id="Tactics" value="80"/>
      <skill id="Scouting" value="140"/>
      <skill id="Leadership" value="80"/>
      <skill id="Bow" value="200"/>
      <skill id="Steward" value="10"/>
      <skill id="Roguery" value="30"/>
    </skills>
    <Traits>
      <Trait id="Mercy" value="0"/>
      <Trait id="Calculating" value="1"/>
      <Trait id="Generosity" value="0"/>
      <Trait id="Valor" value="1"/>
      <Trait id="Honor" value="-2"/>
    </Traits>
  </NPCCharacter> 
  <NPCCharacter id="spcwandererzzinterestingcompanionsdeyjaculan" name="{=InComp.NPC13}{HERO.FIRSTNAME} dey Jaculan" age="29" voice="softspoken" culture="Culture.vlandia" battleTemplate="NPCCharacter.ginard_equipment" civilianTemplate="NPCCharacter.vlandia_noble_knight" default_group="Cavalry" is_template="true" is_hero="false" occupation="Wanderer">
    <face>
      <BodyProperties version="4" age="29.00" weight="0.5" build="0.5" key="0011B00E800031C20075400C43F10F1E24BB70E161D10FD1907618546CC02302338326130783504544470003720020700000000000001777000000003CFC4006"/>
      <BodyPropertiesMax version="4" age="29.00" weight="0.5" build="0.5" key="0011B00E800031C20075400C43F10F1E24BB70E161D10FD1907618546CC02302338326130783504544470003720020700000000000001777000000003CFC4006"/>
    </face>
    <skills>
      <skill id="OneHanded" value="170"/>
      <skill id="TwoHanded" value="100"/>
      <skill id="Polearm" value="170"/>
      <skill id="Athletics" value="125"/>
      <skill id="Riding" value="230"/>
      <skill id="Scouting" value="75"/>
      <skill id="Tactics" value="75"/>
      <skill id="Leadership" value="75"/>
      <skill id="Crossbow" value="140"/>
      <skill id="Steward" value="25"/>
      <skill id="Charm" value="65"/>
    </skills>
    <Traits>
      <Trait id="Honor" value="1"/>
      <Trait id="Mercy" value="1"/>
      <Trait id="Generosity" value="0"/>
      <Trait id="Calculating" value="0"/>
      <Trait id="Valor" value="-2"/>
    </Traits>
  </NPCCharacter> 
  <NPCCharacter id="spcwandererzzinterestingcompanionsrey" name="{=InComp.NPC14}{HERO.FIRSTNAME} Rey" age="40" voice="ironic" culture="Culture.vlandia" battleTemplate="NPCCharacter.mesnin_equipment" civilianTemplate="NPCCharacter.vlandia_rich_commoner_male" default_group="Cavalry" is_template="true" is_hero="false" occupation="Wanderer">
    <face>
      <BodyProperties version="4" age="40.00" weight="0.5" build="0.5" key="000B14098070018C1AB3737F3332BC3372361D434433451F7633EF1085E77027387446130A7673B677563C47776666670000000000001A77000000003D542083"/>
      <BodyPropertiesMax version="4" age="40.00" weight="0.5" build="0.5" key="000B14098070018C1AB3737F3332BC3372361D434433451F7633EF1085E77027387446130A7673B677563C47776666670000000000001A77000000003D542083"/>
    </face>
    <skills>
      <skill id="OneHanded" value="160"/>
      <skill id="TwoHanded" value="160"/>
      <skill id="Polearm" value="225"/>
      <skill id="Riding" value="250"/>
      <skill id="Athletics" value="105"/>
      <skill id="Crossbow" value="100"/>
      <skill id="Scouting" value="75"/>
      <skill id="Tactics" value="100"/>
      <skill id="Leadership" value="100"/>
      <skill id="Steward" value="75"/>
    </skills>
    <Traits>
      <Trait id="Generosity" value="0"/>
      <Trait id="Valor" value="1"/>
      <Trait id="Calculating" value="1"/>
      <Trait id="Honor" value="0"/>
      <Trait id="Mercy" value="-2"/>
    </Traits>
  </NPCCharacter>  
  <NPCCharacter id="spcwandererzzinterestingcompanionsahilitendii" name="{=InComp.NPC15}{HERO.FIRSTNAME} Ahili Tendii" age="28" voice="curt" culture="Culture.empire" battleTemplate="NPCCharacter.tendii_tier_4" civilianTemplate="NPCCharacter.empire_rich_commoner_male" default_group="Infantry" is_template="true" is_hero="false" occupation="Wanderer">
    <face>
      <BodyProperties version="4" age="28.00" weight="0.5" build="0.5" key="00164C0380000003037658443250253CC53B757264AE3E00C3CA7F7C8FD35143506626130754992945690000560040440000000000001777000000003AF44003"/>
      <BodyPropertiesMax version="4" age="28.00" weight="0.5" build="0.5" key="00164C0380000003037658443250253CC53B757264AE3E00C3CA7F7C8FD35143506626130754992945690000560040440000000000001777000000003AF44003"/>
    </face>
    <skills>
      <skill id="OneHanded" value="300"/>
      <skill id="Polearm" value="150"/>
      <skill id="Throwing" value="270"/>
      <skill id="Athletics" value="300"/>
      <skill id="Tactics" value="75"/>
      <skill id="Riding" value="55"/>
      <skill id="Scouting" value="75"/>
      <skill id="Leadership" value="115"/>
      <skill id="Steward" value="10"/>
    </skills>
    <Traits>
      <Trait id="Honor" value="2"/>
      <Trait id="Generosity" value="0"/>
      <Trait id="Calculating" value="-1"/>
      <Trait id="Valor" value="0"/>
      <Trait id="Mercy" value="-1"/>
    </Traits>
  </NPCCharacter>
  <NPCCharacter id="spcwandererzzinterestingcompanionsurkhunait" name="{=InComp.NPC16}{HERO.FIRSTNAME} Urkhunait" age="36" voice="curt" culture="Culture.khuzait" battleTemplate="NPCCharacter.sinchug_equipment" civilianTemplate="NPCCharacter.khuzait_rich_commoner_male" default_group="Cavalry" is_template="true" is_hero="false" occupation="Wanderer">
    <face>
      <BodyProperties version="4" age="36.00" weight="0.5" build="0.5" key="0016F80E40003051F05D5EE80EE0FE87D1D11300808F1F10889822027E889D441008161308A0779E0002106011766111000000000000187700000000690C5003"/>
      <BodyPropertiesMax version="4" age="36.00" weight="0.5" build="0.5" key="0016F80E40003051F05D5EE80EE0FE87D1D11300808F1F10889822027E889D441008161308A0779E0002106011766111000000000000187700000000690C5003"/>
    </face>
    <skills>
      <skill id="OneHanded" value="240"/>
      <skill id="TwoHanded" value="45"/>
      <skill id="Polearm" value="180"/>
      <skill id="Riding" value="240"/>
      <skill id="Athletics" value="150"/>
      <skill id="Tactics" value="75"/>
      <skill id="Leadership" value="120"/>
      <skill id="Scouting" value="75"/>
      <skill id="Bow" value="150"/>
      <skill id="Steward" value="75"/>
    </skills>
    <Traits>
      <Trait id="Calculating" value="1"/>
      <Trait id="Honor" value="0"/>
      <Trait id="Mercy" value="-2"/>
      <Trait id="Valor" value="1"/>
      <Trait id="Generosity" value="0"/>
    </Traits>
  </NPCCharacter>
  <NPCCharacter id="spcwandererzzinterestingcompanionscativellaun" name="{=InComp.NPC17}{HERO.FIRSTNAME} Cativellaun" age="29" voice="curt" culture="Culture.battania" battleTemplate="NPCCharacter.cassivellaunos_equipment" civilianTemplate="NPCCharacter.battania_rich_commoner_male" default_group="Ranged" is_template="true" is_hero="false" occupation="Wanderer">
    <face>
      <BodyProperties version="4" age="29.84" weight="0.5" build="0.5" key="0000000AC0582810647185CD0331103C0CB0948710C5870980D5F33C8DDE56C670333613085F94E98237204AE108875D00000000000018770000000011041085"/>
      <BodyPropertiesMax version="4" age="29.84" weight="0.5" build="0.5" key="0000000AC0582810647185CD0331103C0CB0948710C5870980D5F33C8DDE56C670333613085F94E98237204AE108875D00000000000018770000000011041085"/>
    </face>
    <skills>
      <skill id="OneHanded" value="75"/>
      <skill id="TwoHanded" value="130"/>
      <skill id="Throwing" value="75"/>
      <skill id="Riding" value="65"/>
      <skill id="Athletics" value="255"/>
      <skill id="Scouting" value="135"/>
      <skill id="Tactics" value="50"/>
      <skill id="Leadership" value="50"/>
      <skill id="Bow" value="255"/>
      <skill id="Steward" value="75"/>
      <skill id="Roguery" value="85"/>
    </skills>
    <Traits>
      <Trait id="Calculating" value="-1"/>
      <Trait id="Mercy" value="0"/>
      <Trait id="Generosity" value="0"/>
      <Trait id="Valor" value="1"/>
      <Trait id="Honor" value="-1"/>
    </Traits>
  </NPCCharacter>
  <NPCCharacter id="spcwandererzzinterestingcompanionssaddlemour" name="{=InComp.NPC18}{HERO.FIRSTNAME} Saddlemour" age="27" voice="ironic" is_female="true" culture="Culture.vlandia" battleTemplate="NPCCharacter.vlandia_rebel_horseman" civilianTemplate="NPCCharacter.vlandia_regular_commoner_male" default_group="Cavalry" is_template="true" is_hero="false" occupation="Wanderer">
    <face>
      <BodyProperties version="4" age="26.00" weight="0.5" build="0.5" key="0011300380003010E373633657BB981370157558B283C2116F32730577327673883926130369373801230022331775460000000000001377000000003A744003"/>
      <BodyPropertiesMax version="4" age="26.00" weight="0.5" build="0.5" key="0011300380003010E373633657BB981370157558B283C2116F32730577327673883926130369373801230022331775460000000000001377000000003A744003"/>
    </face>
    <skills>
      <skill id="Riding" value="200"/>
      <skill id="Athletics" value="100"/>
      <skill id="Polearm" value="100"/>
      <skill id="TwoHanded" value="100"/>
      <skill id="OneHanded" value="100"/>
      <skill id="Charm" value="75"/>
      <skill id="Trade" value="100"/>
      <skill id="Steward" value="25"/>
    </skills>
    <Traits>
      <Trait id="Generosity" value="0"/>
      <Trait id="Calculating" value="-1"/>
      <Trait id="Honor" value="1"/>
    </Traits>
  </NPCCharacter> 
  <NPCCharacter id="spcwandererzzinterestingcompanionscolossuspotami" name="{=InComp.NPC19}{HERO.FIRSTNAME} &quot;Colossus&quot; Potami" age="35" voice="curt" culture="Culture.empire" battleTemplate="NPCCharacter.empire_wanderer_competitor_male" civilianTemplate="NPCCharacter.empire_regular_commoner_male" default_group="Infantry" is_template="true" is_hero="false" occupation="Wanderer">
    <face>
      <BodyProperties version="4" age="35.00" weight="0.5" build="0.5" key="001C78061A2C0240516343052192F063445545A761A80A1120322F278EB38B00079E76130E3230239A990077882060670000000000001E770000000011DC4003"/>
      <BodyPropertiesMax version="4" age="35.00" weight="0.5" build="0.5" key="001C78061A2C0240516343052192F063445545A761A80A1120322F278EB38B00079E76130E3230239A990077882060670000000000001E770000000011DC4003"/>
    </face>
    <skills>
      <skill id="OneHanded" value="100"/>
      <skill id="TwoHanded" value="250"/>
      <skill id="Throwing" value="200"/>
      <skill id="Polearm" value="200"/>
      <skill id="Athletics" value="100"/>
      <skill id="Leadership" value="50"/>
    </skills>
    <Traits>
      <Trait id="Calculating" value="-2"/>
      <Trait id="Valor" value="2"/>
    </Traits>
  </NPCCharacter>
  <NPCCharacter id="spcwandererzzinterestingcompanionswarmongersavash" name="{=InComp.NPC20}{HERO.FIRSTNAME} &quot;Warmonger&quot; Savash" age="25" voice="curt" culture="Culture.aserai" battleTemplate="NPCCharacter.aserai_wanderer_mercenary_guard" civilianTemplate="NPCCharacter.aserai_regular_commoner_male" default_group="Infantry" is_template="true" is_hero="false" occupation="Wanderer">
    <face>
      <BodyProperties version="4" age="25.00" weight="0.5" build="0.5" key="0028F80E9E000080FF2398099984700730E3781870071220FFF1EF137E2CC838E18746130388C18888470003F24145690000000000001377000000006A744003"/>
      <BodyPropertiesMax version="4" age="25.00" weight="0.5" build="0.5" key="0028F80E9E000080FF2398099984700730E3781870071220FFF1EF137E2CC838E18746130388C18888470003F24145690000000000001377000000006A744003"/>
    </face>
    <skills>
      <skill id="Bow" value="150"/>
      <skill id="Throwing" value="100"/>
      <skill id="Riding" value="50"/>
      <skill id="Athletics" value="150"/>
      <skill id="OneHanded" value="100"/>
      <skill id="TwoHanded" value="100"/>
      <skill id="Polearm" value="100"/>
      <skill id="Tactics" value="50"/>
    </skills>
    <Traits>
      <Trait id="Mercy" value="-1"/>
      <Trait id="Calculating" value="0"/>
      <Trait id="Valor" value="1"/>
    </Traits>
  </NPCCharacter>
  <NPCCharacter id="spcwandererzzinterestingcompanionsvictoriousgloria" name="{=InComp.NPC21}{HERO.FIRSTNAME} &quot;Victorious&quot; Gloria" age="25" voice="curt" is_female="true" culture="Culture.empire" battleTemplate="NPCCharacter.empire_wanderer_competitor_female" civilianTemplate="NPCCharacter.empire_regular_commoner_male" default_group="Infantry" is_template="true" is_hero="false" occupation="Wanderer">
    <face>
      <BodyProperties version="4" age="25.84" weight="0.5" build="0.5" key="000BBC0FC0FC100A92969BCAA26657A7B7988A7CA384A67AA2644F4FBB26AB677125061305887211000200003212104400000000000015770000000068BC2083"/>
      <BodyPropertiesMax version="4" age="25.84" weight="0.5" build="0.5" key="000BBC0FC0FC100A92969BCAA26657A7B7988A7CA384A67AA2644F4FBB26AB677125061305887211000200003212104400000000000015770000000068BC2083"/>
    </face>
    <skills>
      <skill id="Bow" value="100"/>
      <skill id="Crossbow" value="50"/>
      <skill id="Throwing" value="70"/>
      <skill id="Polearm" value="50"/>
      <skill id="TwoHanded" value="100"/>
      <skill id="OneHanded" value="120"/>
      <skill id="Riding" value="100"/>
      <skill id="Athletics" value="150"/>
      <skill id="Tactics" value="50"/>
    </skills>
    <Traits>
      <Trait id="Honor" value="0"/>
      <Trait id="Generosity" value="-1"/>
      <Trait id="Valor" value="1"/>
    </Traits>
  </NPCCharacter>
  <NPCCharacter id="spcwandererzzinterestingcompanionsthearmsmaster" name="{=InComp.NPC22}{HERO.FIRSTNAME} the Arms-Master" age="28" voice="ironic" culture="Culture.vlandia" battleTemplate="NPCCharacter.vlandia_wanderer_mercenary_arms_master" civilianTemplate="NPCCharacter.vlandia_regular_commoner_male" default_group="Infantry" is_template="true" is_hero="false" occupation="Wanderer">
    <face>
      <BodyProperties version="4" age="28.51" weight="0.0139" build="0.6991"  key="0005F80E40440683189772E83132737F3493955E551B0E51F5F5226F68F7E903017A0613F7E55559233722F73278554E0000000000001777000000003AE43082"  />
      <BodyPropertiesMax version="4" age="28.51" weight="0.0139" build="0.6991"  key="0005F80E40440683189772E83132737F3493955E551B0E51F5F5226F68F7E903017A0613F7E55559233722F73278554E0000000000001777000000003AE43082"  />
    </face>
    <skills>
      <skill id="Steward" value="50"/>
      <skill id="OneHanded" value="100"/>
      <skill id="TwoHanded" value="150"/>
      <skill id="Polearm" value="100"/>
      <skill id="Throwing" value="25"/>
      <skill id="Crossbow" value="150"/>
      <skill id="Bow" value="25"/>
      <skill id="Riding" value="100"/>
      <skill id="Athletics" value="100"/>
      <skill id="Roguery" value="75"/>
      <skill id="Leadership" value="25"/>
    </skills>
    <Traits>
      <Trait id="Mercy" value="-2"/>
      <Trait id="Calculating" value="0"/>
      <Trait id="Valor" value="2"/>
    </Traits>
  </NPCCharacter>
  <NPCCharacter id="spcwandererzzinterestingcompanionsbearfengainseth" name="{=InComp.NPC23}{HERO.FIRSTNAME} &quot;Bear&quot; fen Gainseth" age="38" voice="curt" culture="Culture.battania" battleTemplate="NPCCharacter.battania_wanderer_hunter" civilianTemplate="NPCCharacter.battania_regular_commoner_male" default_group="Infantry" is_template="true" is_hero="false" occupation="Wanderer">
    <face>
      <BodyProperties version="4" age="37.84" weight="0.5" build="0.5" key="0000B404D970188C8077D47E8405F44CFAE1F5A0A15900895F77E8BF8E661AA6FEFCF61302BBCABA2787108E88070FF80000000000001277000000006C4C0003"/>
      <BodyPropertiesMax version="4" age="37.84" weight="0.5" build="0.5" key="0000B404D970188C8077D47E8405F44CFAE1F5A0A15900895F77E8BF8E661AA6FEFCF61302BBCABA2787108E88070FF80000000000001277000000006C4C0003"/>
    </face>
    <skills>
      <skill id="OneHanded" value="110"/>
      <skill id="TwoHanded" value="160"/>
      <skill id="Polearm" value="110"/>
      <skill id="Crossbow" value="120"/>
      <skill id="Athletics" value="175"/>
      <skill id="Riding" value="75"/>
      <skill id="Scouting" value="50"/>
      <skill id="Tactics" value="50"/>
      <skill id="Roguery" value="50"/>
    </skills>
    <Traits>
      <Trait id="Calculating" value="-1"/>
      <Trait id="Mercy" value="0"/>
      <Trait id="Honor" value="-1"/>
      <Trait id="Valor" value="2"/>
    </Traits>
  </NPCCharacter>
  <NPCCharacter id="spcwandererzzinterestingcompanionsthenomad" name="{=InComp.NPC24}{HERO.FIRSTNAME} the Nomad" age="25" voice="curt" culture="Culture.khuzait" battleTemplate="NPCCharacter.khuzait_wanderer_mercenary_nomad" civilianTemplate="NPCCharacter.khuzait_civilian_fighter_male" default_group="Infantry" is_template="true" is_hero="false" occupation="Wanderer">
    <face>
      <BodyProperties version="4" age="25.00" weight="0.5" build="0.5" key="0011EC0E40000880117568FC3A62FE125DD5681EA99E079E49F7180392E8CF0002705613F780311200110250020010000000000000001721000000002AFC4003"/>
      <BodyPropertiesMax version="4" age="25.00" weight="0.5" build="0.5" key="0011EC0E40000880117568FC3A62FE125DD5681EA99E079E49F7180392E8CF0002705613F780311200110250020010000000000000001721000000002AFC4003"/>
    </face>
    <skills>
      <skill id="Bow" value="100"/>
      <skill id="Polearm" value="50"/>
      <skill id="TwoHanded" value="50"/>
      <skill id="OneHanded" value="150"/>
      <skill id="Riding" value="150"/>
      <skill id="Athletics" value="125"/>
      <skill id="Roguery" value="75"/>
      <skill id="Scouting" value="100"/>
    </skills>
    <Traits>
      <Trait id="Calculating" value="2"/>
      <Trait id="Generosity" value="0"/>
      <Trait id="Mercy" value="-1"/>
      <Trait id="Valor" value="0"/>
      <Trait id="Honor" value="1"/>
    </Traits>
  </NPCCharacter>
  <NPCCharacter id="spcwandererzzinterestingcompanionshermolaosplousios" name="{=InComp.NPC25}{HERO.FIRSTNAME} Hermolaos Plousios" age="23" voice="softspoken" is_female="true" culture="Culture.empire" battleTemplate="NPCCharacter.empire_wanderer_intellectual_light" civilianTemplate="NPCCharacter.empire_rich_commoner_female" default_group="Ranged" is_template="true" is_hero="false" occupation="Wanderer">
    <face>
      <BodyProperties version="4" age="23.84" weight="0.5" build="0.5" key="001CF80980003001037A18E17888FE8D08DD22223273DC8FD8D88FD2B344D03398850613033E443C00040000990112040000000000001377000000003A6430C3"/>
      <BodyPropertiesMax version="4" age="23.84" weight="0.5" build="0.5" key="001CF80980003001037A18E17888FE8D08DD22223273DC8FD8D88FD2B344D03398850613033E443C00040000990112040000000000001377000000003A6430C3"/>
    </face>
    <skills>
      <skill id="Scouting" value="50"/>
      <skill id="Riding" value="100"/>
      <skill id="Athletics" value="100"/>
      <skill id="Bow" value="150"/>
      <skill id="OneHanded" value="100"/>
      <skill id="TwoHanded" value="75"/>
      <skill id="Polearm" value="50"/>
      <skill id="Trade" value="100"/>
      <skill id="Charm" value="75"/>
    </skills>
    <Traits>
      <Trait id="Mercy" value="1"/>
      <Trait id="Generosity" value="-1"/>
      <Trait id="Calculating" value="0"/>
      <Trait id="Valor" value="0"/>
      <Trait id="Honor" value="0"/>
    </Traits>
  </NPCCharacter>
  <NPCCharacter id="spcwandererzzinterestingcompanionsthepennypincher" name="{=InComp.NPC26}{HERO.FIRSTNAME} the Penny-Pincher" age="30" voice="earnest" culture="Culture.empire" battleTemplate="NPCCharacter.empire_wanderer_intellectual_medium" civilianTemplate="NPCCharacter.empire_rich_commoner_male" default_group="Cavalry" is_template="true" is_hero="false" occupation="Wanderer">
    <face>
      <BodyProperties version="4" age="30.84" weight="0.5" build="0.5" key="0005B80C00003286BCCF53DDCDC21E691277811911110C175C197CDF8C950E5C8653161303870285D229946E18A666AC0000000000001377000000004C547006"/>
      <BodyPropertiesMax version="4" age="30.84" weight="0.5" build="0.5" key="0005B80C00003286BCCF53DDCDC21E691277811911110C175C197CDF8C950E5C8653161303870285D229946E18A666AC0000000000001377000000004C547006"/>
    </face>
    <skills>
      <skill id="Trade" value="250"/>
      <skill id="Steward" value="125"/>
      <skill id="Athletics" value="200"/>
      <skill id="Riding" value="25"/>
      <skill id="Bow" value="50"/>
      <skill id="OneHanded" value="50"/>
      <skill id="TwoHanded" value="50"/>
      <skill id="Polearm" value="50"/>
      <skill id="Roguery" value="75"/>
    </skills>
    <Traits>
      <Trait id="Generosity" value="-1"/>
      <Trait id="Mercy" value="0"/>
      <Trait id="Valor" value="0"/>
      <Trait id="Calculating" value="0"/>
      <Trait id="Honor" value="-1"/>
    </Traits>
  </NPCCharacter>  
  <NPCCharacter id="spcwandererzzinterestingcompanionsthecamelwhisperer" name="{=InComp.NPC27}{HERO.FIRSTNAME} the Camel-Whisperer" age="26" voice="ironic" is_female="true" culture="Culture.aserai" battleTemplate="NPCCharacter.aserai_wanderer_intellectual_medium_female" civilianTemplate="NPCCharacter.aserai_rich_commoner_female" default_group="Cavalry" is_template="true" is_hero="false" occupation="Wanderer">
    <face>
      <BodyProperties version="4" age="26.84" weight="0.5" build="0.5" key="002DA0099400100785732882802133223E376198AEC81318BFE78F8DAB7383DD052D261306351255005061620001115100000000000016770000000066D410C4"/>
      <BodyPropertiesMax version="4" age="26.84" weight="0.5" build="0.5" key="002DA0099400100785732882802133223E376198AEC81318BFE78F8DAB7383DD052D261306351255005061620001115100000000000016770000000066D410C4"/>
    </face>
    <skills>
      <skill id="Leadership" value="175"/>
      <skill id="Steward" value="75"/>
      <skill id="Charm" value="105"/>
      <skill id="Riding" value="200"/>
      <skill id="Athletics" value="65"/>
      <skill id="Throwing" value="75"/>
      <skill id="Polearm" value="75"/>
      <skill id="TwoHanded" value="25"/>
      <skill id="OneHanded" value="80"/>
    </skills>
    <Traits>
      <Trait id="Honor" value="-1"/>
      <Trait id="Generosity" value="1"/>
      <Trait id="Mercy" value="0"/>
      <Trait id="Calculating" value="0"/>
    </Traits>
  </NPCCharacter>  
  <NPCCharacter id="spcwandererzzinterestingcompanionsgeneroustajir" name="{=InComp.NPC28}{HERO.FIRSTNAME} &quot;Generous&quot; Tajir" age="30" voice="curt" culture="Culture.aserai" battleTemplate="NPCCharacter.aserai_wanderer_intellectual_heavy" civilianTemplate="NPCCharacter.aserai_rich_commoner_male" default_group="Cavalry" is_template="true" is_hero="false" occupation="Wanderer">
    <face>
      <BodyProperties version="4" age="30.84" weight="0.5" build="0.5" key="001CD40D40FC0A00074172B31F8E2E2DC3328692282CF1007178EE32837A0177EFF3D6130543808870E01386820F865900000000000015770000000078AC0006"/>
      <BodyPropertiesMax version="4" age="30.84" weight="0.5" build="0.5" key="001CD40D40FC0A00074172B31F8E2E2DC3328692282CF1007178EE32837A0177EFF3D6130543808870E01386820F865900000000000015770000000078AC0006"/>
    </face>
    <skills>
      <skill id="Trade" value="225"/>
      <skill id="Steward" value="125"/>
      <skill id="Charm" value="50"/>
      <skill id="OneHanded" value="100"/>
      <skill id="Polearm" value="75"/>
      <skill id="Riding" value="125"/>
      <skill id="Athletics" value="25"/>
      <skill id="Crossbow" value="50"/>
      <skill id="TwoHanded" value="50"/>
      <skill id="Throwing" value="75"/>
    </skills>
    <Traits>
      <Trait id="Generosity" value="1"/>
      <Trait id="Valor" value="-1"/>
    </Traits>
  </NPCCharacter>
  <NPCCharacter id="spcwandererzzinterestingcompanionsthepoisoncrafter" name="{=InComp.NPC29}{HERO.FIRSTNAME} the Poison-Crafter" age="25" voice="ironic" culture="Culture.battania" battleTemplate="NPCCharacter.battania_wanderer_intellectual_light" civilianTemplate="NPCCharacter.battania_regular_commoner_male" default_group="Ranged" is_template="true" is_hero="false" occupation="Wanderer">
    <face>
      <BodyProperties version="4" age="25.00" weight="0.5" build="0.5" key="000B80039C70228F176BE7AE9954475CC34E3322829000073817B719838BF6A5076316130751001300030000030000000000000000001777000000003CE44003"/>
      <BodyPropertiesMax version="4" age="25.00" weight="0.5" build="0.5" key="000B80039C70228F176BE7AE9954475CC34E3322829000073817B719838BF6A5076316130751001300030000030000000000000000001777000000003CE44003"/>
    </face>
    <skills>
      <skill id="Medicine" value="200"/>
      <skill id="Steward" value="25"/>
      <skill id="Trade" value="100"/>
      <skill id="Charm" value="25"/>
      <skill id="OneHanded" value="50"/>
      <skill id="TwoHanded" value="50"/>
      <skill id="Athletics" value="150"/>
      <skill id="Bow" value="150"/>
      <skill id="Throwing" value="25"/>	  
    </skills>
    <Traits>
      <Trait id="Mercy" value="-2"/>
      <Trait id="Calculating" value="2"/>
    </Traits>
  </NPCCharacter> 
  <NPCCharacter id="spcwandererzzinterestingcompanionsstoneskin" name="{=InComp.NPC30}{HERO.FIRSTNAME} Stoneskin" age="30" voice="curt" culture="Culture.sturgia" battleTemplate="NPCCharacter.bandofstoneborn_tier_1_template" civilianTemplate="NPCCharacter.bandofstoneborn_civilian" default_group="Infantry" is_template="true" is_hero="false" occupation="Wanderer">
    <face>
      <BodyProperties version="4" age="30.90" weight="0.5" build="0.5" key="0005200AD8E40381CE97404C1442CDE8B337A8708387242110161E3F8EF053342E3866130C62738600411000534040040000000000001C77000000000B944003"/>
      <BodyPropertiesMax version="4" age="30.90" weight="0.5" build="0.5" key="0005200AD8E40381CE97404C1442CDE8B337A8708387242110161E3F8EF053342E3866130C62738600411000534040040000000000001C77000000000B944003"/>
    </face>
    <skills>
      <skill id="Polearm" value="100"/>
      <skill id="TwoHanded" value="250"/>
      <skill id="Throwing" value="130"/>
      <skill id="OneHanded" value="70"/>
      <skill id="Bow" value="50"/>
      <skill id="Riding" value="75"/>
      <skill id="Athletics" value="175"/>
      <skill id="Leadership" value="30"/>
      <skill id="Roguery" value="20"/>
    </skills>
    <Traits>
      <Trait id="Valor" value="1"/>
      <Trait id="Mercy" value="-2"/>
      <Trait id="Honor" value="1"/>
    </Traits>
  </NPCCharacter>
  <NPCCharacter id="spcwandererzzinterestingcompanionsgreedyfentryn" name="{=InComp.NPC31}{HERO.FIRSTNAME} &quot;Greedy&quot; fen Tryn" age="26" voice="ironic" culture="Culture.battania" battleTemplate="NPCCharacter.battania_wanderer_intellectual_extravagant" civilianTemplate="NPCCharacter.battania_rich_commoner_male" default_group="Infantry" is_template="true" is_hero="false" occupation="Wanderer">
    <face>
      <BodyProperties version="4" age="26.00" weight="0.5" build="0.5" key="00007C060F442842078171A20E012212C02D866244FAFE001114DED8838C11D7997146130522B20830051066850005440000000000001577000000002AA41003"/>
      <BodyPropertiesMax version="4" age="26.00" weight="0.5" build="0.5" key="00007C060F442842078171A20E012212C02D866244FAFE001114DED8838C11D7997146130522B20830051066850005440000000000001577000000002AA41003"/>
    </face>
    <skills>
      <skill id="Trade" value="200"/>
      <skill id="Steward" value="125"/>
      <skill id="Scouting" value="50"/>
      <skill id="Athletics" value="75"/>
      <skill id="Riding" value="75"/>
      <skill id="Throwing" value="75"/>
      <skill id="Polearm" value="75"/>
      <skill id="TwoHanded" value="50"/>
      <skill id="OneHanded" value="50"/>
      <skill id="Bow" value="100"/>
    </skills>
    <Traits>
      <Trait id="Generosity" value="-1"/>
      <Trait id="Calculating" value="1"/>
    </Traits>
  </NPCCharacter> 
  <NPCCharacter id="spcwandererzzinterestingcompanionstheimam" name="{=InComp.NPC32}{HERO.FIRSTNAME} the Imam" age="25" voice="curt" culture="Culture.aserai" battleTemplate="NPCCharacter.aserai_wanderer_intellectual_religious" civilianTemplate="NPCCharacter.aserai_religious_commoner_male" default_group="Infantry" is_template="true" is_hero="false" occupation="Wanderer">
    <face>
      <BodyProperties version="4" age="25.84" weight="0.5" build="0.5" key="0016940D4000094EB2112189221130AA77C8710D9888400FD011D2229F7377136754261306665133001B000011F0A05500000000000016770000000032D44103"/>
      <BodyPropertiesMax version="4" age="25.84" weight="0.5" build="0.5" key="0016940D4000094EB2112189221130AA77C8710D9888400FD011D2229F7377136754261306665133001B000011F0A05500000000000016770000000032D44103"/>
    </face>
    <skills>
      <skill id="Medicine" value="225"/>
      <skill id="Steward" value="25"/>
      <skill id="Trade" value="25"/>
      <skill id="Charm" value="100"/>
      <skill id="Athletics" value="60"/>
      <skill id="Riding" value="90"/>
      <skill id="Polearm" value="50"/>
      <skill id="TwoHanded" value="50"/>
      <skill id="Bow" value="25"/>
      <skill id="OneHanded" value="125"/>
    </skills>
    <Traits>
      <Trait id="Generosity" value="0"/>
      <Trait id="Valor" value="-2"/>
      <Trait id="Mercy" value="2"/>
    </Traits>
  </NPCCharacter> 
  <NPCCharacter id="spcwandererzzinterestingcompanionscharmingblanc" name="{=InComp.NPC33}{HERO.FIRSTNAME} &quot;Charming&quot; Blanc" age="26" voice="earnest" is_female="true" culture="Culture.vlandia" battleTemplate="NPCCharacter.vlandia_rich_commoner_female_fake" civilianTemplate="NPCCharacter.vlandia_rich_commoner_female" default_group="Ranged" is_template="true" is_hero="false" occupation="Wanderer">
    <face>
      <BodyProperties version="4" age="26.23" weight="0.5" build="0.5" key="00059002C0E4300228AAC223CAB7A2D3A06ABABA239E6E0080833E333980ACB4300106130536600700200000000000240000000000001522000000006A9C3003"/>
      <BodyPropertiesMax version="4" age="26.23" weight="0.5" build="0.5" key="00059002C0E4300228AAC223CAB7A2D3A06ABABA239E6E0080833E333980ACB4300106130536600700200000000000240000000000001522000000006A9C3003"/>
    </face>
    <skills>
      <skill id="Steward" value="125"/>
      <skill id="Trade" value="200"/>
      <skill id="Charm" value="175"/>
      <skill id="Athletics" value="75"/>
      <skill id="Crossbow" value="75"/>
      <skill id="TwoHanded" value="25"/>
      <skill id="OneHanded" value="25"/>
      <skill id="Medicine" value="75"/>
      <skill id="Roguery" value="25"/>
      <skill id="Riding" value="75"/>
    </skills>
    <Traits>
      <Trait id="Mercy" value="0"/>
      <Trait id="Valor" value="0"/>
      <Trait id="Calculating" value="1"/>
      <Trait id="Generosity" value="0"/>
      <Trait id="Honor" value="-1"/>
    </Traits>
  </NPCCharacter> 
  <NPCCharacter id="spcwandererzzinterestingcompanionsthepriest" name="{=InComp.NPC34}{HERO.FIRSTNAME} the Priest" age="32" voice="softspoken" culture="Culture.vlandia" battleTemplate="NPCCharacter.vlandia_rebel_peasant" civilianTemplate="NPCCharacter.vlandia_priest" default_group="Ranged" is_template="true" is_hero="false" occupation="Wanderer">
    <face>
      <BodyProperties version="4" age="25.84" weight="0.5" build="0.5" key="00009C0B40FC000C10718C4C101C5597C1747C50554D07EC43262E2A7BFCC01108810613049540642101003010010001000000000000147700000000709400C6"/>
      <BodyPropertiesMax version="4" age="25.84" weight="0.5" build="0.5" key="00009C0B40FC000C10718C4C101C5597C1747C50554D07EC43262E2A7BFCC01108810613049540642101003010010001000000000000147700000000709400C6"/>
    </face>
    <skills>
      <skill id="Medicine" value="225"/>
      <skill id="Trade" value="35"/>
      <skill id="Steward" value="30"/>
      <skill id="Charm" value="125"/>
      <skill id="Athletics" value="90"/>
      <skill id="Riding" value="60"/>
      <skill id="Crossbow" value="60"/>
      <skill id="OneHanded" value="50"/>
      <skill id="TwoHanded" value="30"/>
      <skill id="Polearm" value="40"/>
      <skill id="Bow" value="30"/>
    </skills>
    <Traits>
      <Trait id="Calculating" value="0"/>
      <Trait id="Honor" value="0"/>
      <Trait id="Generosity" value="0"/>
      <Trait id="Valor" value="-2"/>
      <Trait id="Mercy" value="2"/>
    </Traits>
  </NPCCharacter>
  <NPCCharacter id="spcwandererzzinterestingcompanionschoppybrutus" name="{=InComp.NPC35}{HERO.FIRSTNAME} &quot;Choppy&quot; Brutus" age="29" voice="curt" culture="Culture.vlandia" battleTemplate="NPCCharacter.vlandia_wanderer_mercenary_guard" civilianTemplate="NPCCharacter.vlandia_regular_commoner_male" default_group="Infantry" is_template="true" is_hero="false" occupation="Wanderer">
    <face>
      <BodyProperties version="4" age="29.84" weight="0.5" build="0.5" key="0000B40D404436800273812FDC0D5848DC7263A6127565A15D14E0EE9E87C9CC7AA97613064FF55CFFCB763A432516040000000000001677000000000EDC0043"/>
      <BodyPropertiesMax version="4" age="29.84" weight="0.5" build="0.5" key="0000B40D404436800273812FDC0D5848DC7263A6127565A15D14E0EE9E87C9CC7AA97613064FF55CFFCB763A432516040000000000001677000000000EDC0043"/>
    </face>
    <skills>
      <skill id="Crafting" value="50"/>
      <skill id="Engineering" value="50"/>
      <skill id="Bow" value="10"/>
      <skill id="Athletics" value="180"/>
      <skill id="Crossbow" value="130"/>
      <skill id="Throwing" value="10"/>
      <skill id="TwoHanded" value="185"/>
      <skill id="OneHanded" value="185"/>
    </skills>
    <Traits>
      <Trait id="Valor" value="-2"/>
      <Trait id="Honor" value="2"/>
    </Traits>
  </NPCCharacter>
  <NPCCharacter id="spcwandererzzinterestingcompanionsgiftedhusai" name="{=InComp.NPC36}{HERO.FIRSTNAME} &quot;Gifted&quot; Husai" age="22" voice="curt" culture="Culture.khuzait" battleTemplate="NPCCharacter.isa_equipment" civilianTemplate="NPCCharacter.khuzait_regular_commoner_male" default_group="Infantry" is_template="true" is_hero="false" occupation="Wanderer">
    <face>
      <BodyProperties version="4" age="22.11" weight="0.5" build="0.5" key="001CF80CDC002689A18140124102E8A9EDDA8161CCFE1E06895DDC4083E1303041241613020407155896012178D470240000000000001277000000003E3450C3"/>
      <BodyPropertiesMax version="4" age="22.11" weight="0.5" build="0.5" key="001CF80CDC002689A18140124102E8A9EDDA8161CCFE1E06895DDC4083E1303041241613020407155896012178D470240000000000001277000000003E3450C3"/>
    </face>
    <skills>
      <skill id="Roguery" value="25"/>
      <skill id="Charm" value="50"/>
      <skill id="Scouting" value="25"/>
      <skill id="TwoHanded" value="100"/>
      <skill id="Crossbow" value="100"/>
      <skill id="Bow" value="100"/>
      <skill id="OneHanded" value="100"/>
      <skill id="Polearm" value="100"/>
      <skill id="Throwing" value="100"/>
      <skill id="Athletics" value="100"/>
      <skill id="Riding" value="100"/>
    </skills>
    <Traits>
      <Trait id="Honor" value="1"/>
      <Trait id="Mercy" value="1"/>
      <Trait id="Generosity" value="0"/>
      <Trait id="Valor" value="0"/>
    </Traits>
  </NPCCharacter> 
  <NPCCharacter id="spcwandererzzinterestingcompanionstheraider" name="{=InComp.NPC37}{HERO.FIRSTNAME} the Raider" age="42" voice="curt" culture="Culture.sturgia" battleTemplate="NPCCharacter.sturgia_wanderer_mercenary_raider" civilianTemplate="NPCCharacter.sturgia_regular_commoner_male" default_group="Infantry" is_template="true" is_hero="false" occupation="Wanderer">
    <face>
      <BodyProperties version="4" age="42.44" weight="0.5" build="0.5" key="00003402C00014888E6C701D22C499CCF2134154064C0101C089972D8132E132186876130B68D43F431A005655DC93240000000000001B7700000000137440C3"/>
      <BodyPropertiesMax version="4" age="42.44" weight="0.5" build="0.5" key="00003402C00014888E6C701D22C499CCF2134154064C0101C089972D8132E132186876130B68D43F431A005655DC93240000000000001B7700000000137440C3"/>
    </face>
    <skills>
      <skill id="Polearm" value="50"/>
      <skill id="Throwing" value="140"/>
      <skill id="TwoHanded" value="150"/>
      <skill id="OneHanded" value="150"/>
      <skill id="Bow" value="75"/>
      <skill id="Athletics" value="175"/>
      <skill id="Roguery" value="80"/>
      <skill id="Scouting" value="80"/>
    </skills>
    <Traits>
      <Trait id="Mercy" value="1"/>
      <Trait id="Honor" value="0"/>
      <Trait id="Calculating" value="0"/>
      <Trait id="Generosity" value="-2"/>
      <Trait id="Valor" value="1"/>
    </Traits>
  </NPCCharacter> 
  <NPCCharacter id="spcwandererzzinterestingcompanionsforestsong" name="{=InComp.NPC38}{HERO.FIRSTNAME} Forestsong" age="24" voice="ironic" is_female="true" culture="Culture.battania" battleTemplate="NPCCharacter.forestsong_tier_2_template" civilianTemplate="NPCCharacter.forestsong_tier_1_civilian_template" default_group="Ranged" is_template="true" is_hero="false" occupation="Wanderer">
    <face>
      <BodyProperties version="4" age="24.00" weight="0.5" build="0.5" key="000B3C0A00443006766AE2E2120C7DB4C3E0744764CB3B14824BE5DD357A70C6510246130245982900221310500000130000000000001277000000006E442004"/>
      <BodyPropertiesMax version="4" age="24.00" weight="0.5" build="0.5" key="000B3C0A00443006766AE2E2120C7DB4C3E0744764CB3B14824BE5DD357A70C6510246130245982900221310500000130000000000001277000000006E442004"/>
    </face>
    <skills>
      <skill id="Bow" value="195"/>
      <skill id="Polearm" value="25"/>
      <skill id="TwoHanded" value="25"/>
      <skill id="OneHanded" value="195"/>
      <skill id="Athletics" value="220"/>
      <skill id="Scouting" value="80"/>
      <skill id="Roguery" value="20"/>
      <skill id="Trade" value="20"/>
      <skill id="Charm" value="20"/>
    </skills>
    <Traits>
      <Trait id="Generosity" value="0"/>
      <Trait id="Calculating" value="2"/>
      <Trait id="Mercy" value="0"/>
      <Trait id="Valor" value="-1"/>
    </Traits>
  </NPCCharacter>
  <NPCCharacter id="spcwandererzzinterestingcompanionsthemonk" name="{=InComp.NPC39}{HERO.FIRSTNAME} the Monk" age="67" voice="curt" culture="Culture.khuzait" battleTemplate="NPCCharacter.khuzait_wanderer_intellectual_heavy" civilianTemplate="NPCCharacter.khuzait_regular_commoner_male" default_group="Infantry" is_template="true" is_hero="false" occupation="Wanderer">
    <face>
      <BodyProperties version="4" age="67.00" weight="0.0154" build="0.5" key="0000F80CC0000740555014C63C76C4178467912CDCCF2E5A75989B183431312702130678066A67990002251002F0F1140000000000007670000000006CCC6003"/>
      <BodyPropertiesMax version="4" age="67.00" weight="0.0154" build="0.5" key="0000F80CC0000740555014C63C76C4178467912CDCCF2E5A75989B183431312702130678066A67990002251002F0F1140000000000007670000000006CCC6003"/>
    </face>
    <skills>
      <skill id="Polearm" value="145"/>
      <skill id="TwoHanded" value="25"/>
      <skill id="OneHanded" value="25"/>
      <skill id="Athletics" value="165"/>
      <skill id="Charm" value="60"/>
      <skill id="Steward" value="60"/>
      <skill id="Medicine" value="200"/>
      <skill id="Scouting" value="35"/>
      <skill id="Leadership" value="60"/>
    </skills>
    <Traits>
      <Trait id="Mercy" value="1"/>
      <Trait id="Generosity" value="1"/>
    </Traits>
  </NPCCharacter> 
  <NPCCharacter id="spcwandererzzinterestingcompanionstheswordmaster" name="{=InComp.NPC40}{HERO.FIRSTNAME} the Sword-Master" age="23" voice="earnest" is_female="true" culture="Culture.khuzait" battleTemplate="NPCCharacter.nidasai_equipment" civilianTemplate="NPCCharacter.khuzait_regular_commoner_female" default_group="Infantry" is_template="true" is_hero="false" occupation="Wanderer">
    <face>
      <BodyProperties version="4" age="23.50" weight="0.5" build="0.5" key="0011F80E54003010BD76D1027FF3103288AA640FCFEF0C50E03B9D0E8113310100401613030A92190001008011E114550000000000001377000000006E640003"/>
      <BodyPropertiesMax version="4" age="23.50" weight="0.5" build="0.5" key="0011F80E54003010BD76D1027FF3103288AA640FCFEF0C50E03B9D0E8113310100401613030A92190001008011E114550000000000001377000000006E640003"/>
    </face>
    <skills>
      <skill id="TwoHanded" value="210"/>
      <skill id="OneHanded" value="210"/>
      <skill id="Riding" value="30"/>
      <skill id="Athletics" value="180"/>
      <skill id="Leadership" value="75"/>
      <skill id="Charm" value="30"/>
      <skill id="Scouting" value="80"/>
      <skill id="Steward" value="75"/>
      <skill id="Roguery" value="10"/>
    </skills>
    <Traits>
      <Trait id="Mercy" value="1"/>
      <Trait id="Generosity" value="1"/>
      <Trait id="Valor" value="-1"/>
    </Traits>
  </NPCCharacter>
  <NPCCharacter id="spcwandererzzinterestingcompanionssnowpelt" name="{=InComp.NPC41}{HERO.FIRSTNAME} Snowpelt" age="43" voice="curt" culture="Culture.sturgia" battleTemplate="NPCCharacter.snowpelt_tier_4" civilianTemplate="NPCCharacter.sturgia_rich_commoner_male" default_group="Infantry" is_template="true" is_hero="false" occupation="Wanderer">
    <face>
      <BodyProperties version="4" age="43.50" weight="0.5" build="0.5" key="00050402CE2C0407E1E412CE2222E122E2247D45C320360273D1121E65E129380F4A56130A98C45476122B2EE21058230000000000001A77000000001D441003"/>
      <BodyPropertiesMax version="4" age="43.50" weight="0.5" build="0.5" key="00050402CE2C0407E1E412CE2222E122E2247D45C320360273D1121E65E129380F4A56130A98C45476122B2EE21058230000000000001A77000000001D441003"/>
    </face>
    <skills>
      <skill id="Scouting" value="110"/>
      <skill id="Bow" value="160"/>
      <skill id="Throwing" value="40"/>
      <skill id="OneHanded" value="90"/>
      <skill id="TwoHanded" value="200"/>
      <skill id="Polearm" value="80"/>
      <skill id="Athletics" value="200"/>
      <skill id="Riding" value="90"/>
      <skill id="Leadership" value="110"/>
      <skill id="Tactics" value="80"/>
      <skill id="Steward" value="80"/>
      <skill id="Roguery" value="110"/>
    </skills>
    <Traits>
      <Trait id="Calculating" value="0"/>
      <Trait id="Mercy" value="-2"/>
      <Trait id="Valor" value="2"/>
      <Trait id="Honor" value="-1"/>
    </Traits>
  </NPCCharacter>  
  <NPCCharacter id="spcwandererzzinterestingcompanionsstonearm" name="{=InComp.NPC42}{HERO.FIRSTNAME} Stonearm" age="32" voice="curt" culture="Culture.sturgia" battleTemplate="NPCCharacter.bandofstoneborn_tier_2" civilianTemplate="NPCCharacter.bandofstoneborn_civilian" default_group="Infantry" is_template="true" is_hero="false" occupation="Wanderer">
    <face>
      <BodyProperties version="4" age="32.00" weight="0.5" build="0.5" key="00056C0248FC050AAD91742F21236285935554104010CC34579094489CC3C222584A5613086484774101002554010504000000000000187700000000111C5003"/>
      <BodyPropertiesMax version="4" age="32.00" weight="0.5" build="0.5" key="00056C0248FC050AAD91742F21236285935554104010CC34579094489CC3C222584A5613086484774101002554010504000000000000187700000000111C5003"/>
    </face>
    <skills>
      <skill id="Athletics" value="160"/>
      <skill id="Riding" value="100"/>
      <skill id="Bow" value="160"/>
      <skill id="OneHanded" value="150"/>
      <skill id="TwoHanded" value="90"/>
      <skill id="Polearm" value="160"/>
      <skill id="Leadership" value="115"/>
      <skill id="Steward" value="75"/>
      <skill id="Scouting" value="80"/>
      <skill id="Roguery" value="45"/>
      <skill id="Tactics" value="115"/>
    </skills>
    <Traits>
      <Trait id="Valor" value="2"/>
      <Trait id="Honor" value="0"/>
      <Trait id="Calculating" value="-2"/>
      <Trait id="Mercy" value="0"/>
      <Trait id="Generosity" value="0"/>
    </Traits>
  </NPCCharacter>
  <NPCCharacter id="spcwandererzzinterestingcompanionschira" name="{=InComp.NPC43}{HERO.FIRSTNAME} Chira" age="36" voice="curt" is_female="true" culture="Culture.empire" battleTemplate="NPCCharacter.kathasia_equipment" civilianTemplate="NPCCharacter.emp_noncom_template_stoic" default_group="Cavalry" is_template="true" is_hero="false" occupation="Wanderer">
    <face>
      <BodyProperties version="4" age="36.00" weight="0.5" build="0.5" key="0016B80CD4FC100B3977E0188237EEE2F64D8D475651800D41B6609E86667146F2071613070F316B6948022221B0106100000000000017770000000012E410C3"/>
      <BodyPropertiesMax version="4" age="36.00" weight="0.5" build="0.5" key="0016B80CD4FC100B3977E0188237EEE2F64D8D475651800D41B6609E86667146F2071613070F316B6948022221B0106100000000000017770000000012E410C3"/>
    </face>
    <skills>
      <skill id="Polearm" value="120"/>
      <skill id="TwoHanded" value="120"/>
      <skill id="OneHanded" value="120"/>
      <skill id="Bow" value="180"/>
      <skill id="Athletics" value="180"/>
      <skill id="Riding" value="160"/>
      <skill id="Roguery" value="80"/>
      <skill id="Tactics" value="90"/>
      <skill id="Scouting" value="80"/>
      <skill id="Leadership" value="90"/>
      <skill id="Steward" value="90"/>
      <skill id="Charm" value="10"/>
      <skill id="Trade" value="10"/>
      <skill id="Medicine" value="20"/>
    </skills>
    <Traits>
      <Trait id="Honor" value="0"/>
      <Trait id="Generosity" value="0"/>
      <Trait id="Valor" value="0"/>
      <Trait id="Mercy" value="-1"/>
      <Trait id="Calculating" value="1"/>
    </Traits>
  </NPCCharacter> 
  <NPCCharacter id="spcwandererzzinterestingcompanionsrenegadefrostclaw" name="{=InComp.NPC44}{HERO.FIRSTNAME} &quot;Renegade&quot; Frostclaw" age="26" voice="curt" culture="Culture.battania" battleTemplate="NPCCharacter.frostclaw_renegade" civilianTemplate="NPCCharacter.battania_runaway_commoner_male" default_group="Infantry" is_template="true" is_hero="false" occupation="Wanderer">
    <face>
      <BodyProperties version="4" age="26.00" weight="0.5" build="0.5" key="0000700151440712109B71EB2191C00053B76249A2222F03DAD9921C8DC5A41417141613054941879F78001112E030050000000000001577000000003CB46083"/>
      <BodyPropertiesMax version="4" age="26.00" weight="0.5" build="0.5" key="0000700151440712109B71EB2191C00053B76249A2222F03DAD9921C8DC5A41417141613054941879F78001112E030050000000000001577000000003CB46083"/>
    </face>
    <skills>
      <skill id="OneHanded" value="165"/>
      <skill id="TwoHanded" value="165"/>
      <skill id="Bow" value="65"/>
      <skill id="Athletics" value="300"/>
      <skill id="Riding" value="50"/>
      <skill id="Roguery" value="110"/>
      <skill id="Tactics" value="75"/>
      <skill id="Scouting" value="110"/>
      <skill id="Leadership" value="50"/>
      <skill id="Steward" value="75"/>
      <skill id="Throwing" value="165"/>
      <skill id="Medicine" value="10"/>
      <skill id="Crafting" value="5"/>
      <skill id="Charm" value="5"/>
    </skills>
    <Traits>
      <Trait id="Honor" value="-1"/>
      <Trait id="Valor" value="1"/>
    </Traits>
  </NPCCharacter> 
  <NPCCharacter id="spcwandererzzinterestingcompanionsturkit" name="{=InComp.NPC45}{HERO.FIRSTNAME} Turkit" age="34" voice="curt" culture="Culture.khuzait" battleTemplate="NPCCharacter.turkit_fugitive" civilianTemplate="NPCCharacter.khuzait_civilian_fighter_male" default_group="Cavalry" is_template="true" is_hero="false" occupation="Wanderer">
    <face>
      <BodyProperties version="4" age="34.00" weight="0.5" build="0.5" key="0011F80CC00003C9F1855115DF48D41DF33F832EE0D4FF1680881ED573F3190010742613F605A002004505922200110000000000000016700000000024CC8003"/>
      <BodyPropertiesMax version="4" age="34.00" weight="0.5" build="0.5" key="0011F80CC00003C9F1855115DF48D41DF33F832EE0D4FF1680881ED573F3190010742613F605A002004505922200110000000000000016700000000024CC8003"/>
    </face>
    <skills>
      <skill id="OneHanded" value="120"/>
      <skill id="Bow" value="130"/>
      <skill id="Steward" value="20"/>
      <skill id="Leadership" value="60"/>
      <skill id="Athletics" value="150"/>
      <skill id="Riding" value="170"/>
      <skill id="Roguery" value="60"/>
      <skill id="Polearm" value="150"/>
      <skill id="TwoHanded" value="10"/>
      <skill id="Throwing" value="10"/>
      <skill id="Tactics" value="20"/>
    </skills>
    <Traits>
      <Trait id="Valor" value="1"/>
      <Trait id="Mercy" value="-1"/>
      <Trait id="Calculating" value="0"/>
      <Trait id="Honor" value="1"/>
      <Trait id="Generosity" value="0"/>
    </Traits>
  </NPCCharacter>
  <NPCCharacter id="spcwandererzzinterestingcompanionstheunbroken" name="{=InComp.NPC46}{HERO.FIRSTNAME} the Unbroken" age="40" voice="curt" is_female="true" culture="Culture.sturgia" battleTemplate="NPCCharacter.snowpelt_tier_2" civilianTemplate="NPCCharacter.sturgia_regular_commoner_male" default_group="Infantry" is_template="true" is_hero="false" occupation="Wanderer">
    <face>
      <BodyProperties version="4" age="53.74" weight="0.5" build="0.5" key="001640059FFC2005EA78842E288743400B6E878917AF40077F2B2C5E65F878CC100846560886981A4255034F08103334000000000000587000000000130C4003"/>
      <BodyPropertiesMax version="4" age="53.74" weight="0.5" build="0.5" key="001640059FFC2005EA78842E288743400B6E878917AF40077F2B2C5E65F878CC100846560886981A4255034F08103334000000000000587000000000130C4003"/>
    </face>
    <skills>
      <skill id="TwoHanded" value="240"/>
      <skill id="OneHanded" value="140"/>
      <skill id="Polearm" value="100"/>
      <skill id="Riding" value="40"/>
      <skill id="Athletics" value="110"/>
      <skill id="Leadership" value="50"/>
      <skill id="Steward" value="25"/>
      <skill id="Charm" value="60"/>
      <skill id="Crafting" value="60"/>
      <skill id="Scouting" value="20"/>
      <skill id="Tactics" value="25"/>
      <skill id="Throwing" value="30"/>
    </skills>
    <Traits>
      <Trait id="Mercy" value="0"/>
      <Trait id="Calculating" value="-2"/>
      <Trait id="Valor" value="1"/>
      <Trait id="Honor" value="1"/>
      <Trait id="Generosity" value="0"/>
    </Traits>
  </NPCCharacter>  
  <NPCCharacter id="spcwandererzzinterestingcompanionsthemystic" name="{=InComp.NPC47}{HERO.FIRSTNAME} the Mystic" age="29" voice="ironic" is_female="true" culture="Culture.empire" battleTemplate="NPCCharacter.sword_sister_tier_2" civilianTemplate="NPCCharacter.empire_regular_commoner_female" default_group="Ranged" is_template="true" is_hero="false" occupation="Wanderer">
    <face>
      <BodyProperties version="4" age="29.23" weight="0.5" build="0.5"  key="00050404402C3004F04F00E1B1616108414E11245AA3401D90213F906E070E164522161304F140020112030233100004000000000000147200000000129400C3"/>
      <BodyPropertiesMax version="4" age="29.23" weight="0.5" build="0.5"  key="00050404402C3004F04F00E1B1616108414E11245AA3401D90213F906E070E164522161304F140020112030233100004000000000000147200000000129400C3"/>
    </face>
    <skills>
      <skill id="Medicine" value="200"/>
      <skill id="Roguery" value="100"/>
      <skill id="Trade" value="100"/>
      <skill id="Crossbow" value="90"/>
      <skill id="Throwing" value="15"/>
      <skill id="Polearm" value="15"/>
      <skill id="TwoHanded" value="20"/>
      <skill id="OneHanded" value="50"/>
      <skill id="Bow" value="15"/>
      <skill id="Athletics" value="130"/>
      <skill id="Riding" value="40"/>
    </skills>
    <Traits>
      <Trait id="Honor" value="-2"/>
      <Trait id="Generosity" value="0"/>
      <Trait id="Mercy" value="-1"/>
      <Trait id="Calculating" value="1"/>
      <Trait id="Valor" value="0"/>
    </Traits>
  </NPCCharacter>
  <NPCCharacter id="spcwandererzzinterestingcompanionstheswordsister" name="{=InComp.NPC48}{HERO.FIRSTNAME} the Sword-Sister" age="26" voice="curt" is_female="true" culture="Culture.vlandia" battleTemplate="NPCCharacter.sword_sister_tier_4" civilianTemplate="NPCCharacter.vlandia_regular_commoner_male" default_group="Infantry" is_template="true" is_hero="false" occupation="Wanderer">
    <face>
      <BodyProperties version="4" age="25.96" weight="0.5" build="0.5" key="00051C02C0002005408888730514012387498408678FE0374B970CDE65E101151111161304631D000433034000010002000000000000147000000000127C0003"/>
      <BodyPropertiesMax version="4" age="25.96" weight="0.5" build="0.5" key="00051C02C0002005408888730514012387498408678FE0374B970CDE65E101151111161304631D000433034000010002000000000000147000000000127C0003"/>
    </face>
    <skills>
      <skill id="Athletics" value="100"/>
      <skill id="Riding" value="225"/>
      <skill id="Crossbow" value="120"/>
      <skill id="OneHanded" value="155"/>
      <skill id="Trade" value="20"/>
      <skill id="Polearm" value="80"/>
      <skill id="TwoHanded" value="80"/>
      <skill id="Medicine" value="20"/>
    </skills>
    <Traits>
      <Trait id="Honor" value="-1"/>
      <Trait id="Mercy" value="2"/>
      <Trait id="Valor" value="0"/>
      <Trait id="Generosity" value="0"/>
      <Trait id="Calculating" value="0"/>
    </Traits>
  </NPCCharacter>
  <NPCCharacter id="spcwandererzzinterestingcompanionsubayn" name="{=InComp.NPC49}{HERO.FIRSTNAME} Ubayn" age="24" voice="curt" is_female="true" culture="Culture.khuzait" battleTemplate="NPCCharacter.ubayn_equipment" civilianTemplate="NPCCharacter.khuzait_civilian_fighter_female" default_group="HorseArcher" is_template="true" is_hero="false" occupation="Wanderer">
    <face>
      <BodyProperties version="4" age="24.57" weight="0.1219" build="0.2037" key="0016F40BC0B4100FFA6511C1B0F51F00CA305E0CA0FE0F40BA1E0E007416104602432624045120030000000000000000000000000000000000000000347C4083"/>
      <BodyPropertiesMax version="4" age="24.57" weight="0.1219" build="0.2037" key="0016F40BC0B4100FFA6511C1B0F51F00CA305E0CA0FE0F40BA1E0E007416104602432624045120030000000000000000000000000000000000000000347C4083"/>
    </face>
    <skills>
      <skill id="Riding" value="120"/>
      <skill id="Athletics" value="95"/>
      <skill id="Bow" value="120"/>
      <skill id="OneHanded" value="85"/>
      <skill id="Polearm" value="85"/>
      <skill id="Scouting" value="85"/>
      <skill id="Charm" value="55"/>
      <skill id="Trade" value="55"/>
      <skill id="Medicine" value="10"/>
      <skill id="TwoHanded" value="45"/>
      <skill id="Roguery" value="10"/>
      <skill id="Tactics" value="35"/>
    </skills>
    <Traits>
      <Trait id="Calculating" value="1"/>
      <Trait id="Mercy" value="0"/>
      <Trait id="Valor" value="-1"/>
      <Trait id="Honor" value="0"/>
    </Traits>
  </NPCCharacter>     
  <NPCCharacter id="spcwandererzzinterestingcompanionsthebountyhunter" name="{=InComp.NPC50}{HERO.FIRSTNAME} the Bounty-Hunter" age="36" voice="curt" culture="Culture.vlandia" battleTemplate="NPCCharacter.vlandia_wanderer_mercenary_hunter" civilianTemplate="NPCCharacter.vlandia_regular_commoner_male" default_group="Cavalry" is_template="true" is_hero="false" occupation="Wanderer">
    <face>
      <BodyProperties version="4" age="36.20" weight="0.5" build="0.5" key="00055803D544001CEE410D1C2113ABDCCC087BB1524DFA033FF2FF4B42EA9910037776350722B49A410100283400540400000000000017770000000010F48102"/>
      <BodyPropertiesMax version="4" age="36.20" weight="0.5" build="0.5" key="00055803D544001CEE410D1C2113ABDCCC087BB1524DFA033FF2FF4B42EA9910037776350722B49A410100283400540400000000000017770000000010F48102"/>
    </face>
    <skills>
      <skill id="OneHanded" value="100"/>
      <skill id="Crossbow" value="100"/>
      <skill id="Bow" value="30"/>
      <skill id="TwoHanded" value="30"/>
      <skill id="Polearm" value="30"/>
      <skill id="Throwing" value="30"/>
      <skill id="Riding" value="90"/>
      <skill id="Athletics" value="90"/>
      <skill id="Roguery" value="200"/>
      <skill id="Tactics" value="50"/>
      <skill id="Scouting" value="50"/>
      <skill id="Trade" value="50"/>
      <skill id="Charm" value="50"/>
    </skills>
    <Traits>
      <Trait id="Calculating" value="1"/>
      <Trait id="Honor" value="1"/>
      <Trait id="Generosity" value="0"/>
      <Trait id="Valor" value="0"/>
      <Trait id="Mercy" value="-1"/>
    </Traits>
  </NPCCharacter>  
  <NPCCharacter id="spcwandererzzinterestingcompanionstheshipwright" name="{=InComp.NPC51}{HERO.FIRSTNAME} the Shipwright" age="30" voice="curt" culture="Culture.sturgia" battleTemplate="NPCCharacter.sturgia_wanderer_intellectual_heavy" civilianTemplate="NPCCharacter.sturgia_regular_commoner_male" default_group="Infantry" is_template="true" is_hero="false" occupation="Wanderer">
    <face>
      <BodyProperties version="4" age="30.08" weight="0.6096" build="0.3256" key="00050C03C08817DB00AD5A19AAE57E8622FB1151E2F278B23956E2E2BBAF042102759624074531980000178A012233900000000000000000000000001AFC4042"/>
      <BodyPropertiesMax version="4" age="30.08" weight="0.6096" build="0.3256" key="00050C03C08817DB00AD5A19AAE57E8622FB1151E2F278B23956E2E2BBAF042102759624074531980000178A012233900000000000000000000000001AFC4042"/>
    </face>
    <skills>
      <skill id="Engineering" value="235"/>
      <skill id="Trade" value="45"/>
      <skill id="Polearm" value="135"/>
      <skill id="TwoHanded" value="45"/>
      <skill id="OneHanded" value="45"/>
      <skill id="Throwing" value="85"/>
      <skill id="Athletics" value="135"/>
      <skill id="Riding" value="30"/>
    </skills>
    <Traits>
      <Trait id="Valor" value="0"/>
      <Trait id="Calculating" value="-1"/>
      <Trait id="Generosity" value="0"/>
      <Trait id="Honor" value="1"/>
      <Trait id="Mercy" value="0"/>
    </Traits>
  </NPCCharacter>
  <NPCCharacter id="spcwandererzzinterestingcompanionstheseafarer" name="{=InComp.NPC52}{HERO.FIRSTNAME} the Seafarer" age="33" voice="curt" culture="Culture.sturgia" battleTemplate="NPCCharacter.sturgia_wanderer_intellectual_extravagant" civilianTemplate="NPCCharacter.sturgia_rich_commoner_male" default_group="Infantry" is_template="true" is_hero="false" occupation="Wanderer">
    <face>
      <BodyProperties version="4" age="33.00" weight="0.5" build="0.5" key="00053003C088210DF0041FF2EEFB20611064CF7012F3341F304258F871CD74F004977646F97454D000000000000000000000000000000000000000001B3410C2"/>
      <BodyPropertiesMax version="4" age="33.00" weight="0.5" build="0.5" key="00053003C088210DF0041FF2EEFB20611064CF7012F3341F304258F871CD74F004977646F97454D000000000000000000000000000000000000000001B3410C2"/>
    </face>
    <skills>
      <skill id="Steward" value="135"/>
      <skill id="Trade" value="195"/>
      <skill id="Leadership" value="95"/>
      <skill id="Charm" value="85"/>
      <skill id="Crossbow" value="55"/>
      <skill id="Bow" value="45"/>
      <skill id="OneHanded" value="55"/>
      <skill id="TwoHanded" value="20"/>
      <skill id="Polearm" value="25"/>
      <skill id="Athletics" value="75"/>
      <skill id="Riding" value="65"/>
      <skill id="Throwing" value="25"/>
    </skills>
    <Traits>
      <Trait id="Calculating" value="1"/>
      <Trait id="Generosity" value="-1"/>
      <Trait id="Honor" value="0"/>
      <Trait id="Valor" value="-1"/>
      <Trait id="Mercy" value="0"/>
    </Traits>
  </NPCCharacter>  
</NPCCharacters>