﻿<Module>
	<Name value="Noble Nobles"/>
	<Id value="NobleNobles"/>
	<Version value="v2.2.0"/>
	<SingleplayerModule value="true"/>
	<MultiplayerModule value="false"/>
	<Official value="false"/>
	<DependedModules>
		<DependedModule Id="Native"/>
		<DependedModule Id="SandBoxCore"/>
		<DependedModule Id="Sandbox"/>
		<DependedModule Id="CustomBattle"/>
		<DependedModule Id="StoryMode"/>
	</DependedModules>
	<SubModules>
	</SubModules>
	<Xmls>
		<XmlNode>
			<XmlName id="NPCCharacters" path="lords"/>
			<IncludedGameTypes>
				<GameType value = "Campaign"/>
				<GameType value = "CampaignStoryMode"/>
			</IncludedGameTypes>
		</XmlNode>
		<XmlNode>
			<XmlName id="NPCCharacters" path="spnpccharactertemplates"/>
			<IncludedGameTypes>
				<GameType value = "Campaign"/>
				<GameType value = "CampaignStoryMode"/>
			</IncludedGameTypes>
		</XmlNode>
		<XmlNode>
			<XmlName id="NPCCharacters" path="spnpccharacters"/>
			<IncludedGameTypes>
				<GameType value = "Campaign"/>
				<GameType value = "CampaignStoryMode"/>
			</IncludedGameTypes>
		</XmlNode>
		<XmlNode>
			<XmlName id="NPCCharacters" path="bandits"/>
			<IncludedGameTypes>
				<GameType value = "Campaign"/>
				<GameType value = "CampaignStoryMode"/>
			</IncludedGameTypes>
		</XmlNode>
		<XmlNode>
			<XmlName id="NPCCharacters" path="caravans"/>
			<IncludedGameTypes>
				<GameType value = "Campaign"/>
				<GameType value = "CampaignStoryMode"/>
			</IncludedGameTypes>
		</XmlNode>
		<XmlNode>
			<XmlName id="NPCCharacters" path="spspecialcharacters"/>
			<IncludedGameTypes>
				<GameType value = "Campaign"/>
				<GameType value = "CampaignStoryMode"/>
			</IncludedGameTypes>
		</XmlNode>
</Xmls>
</Module>